Workbook
Name SayfaListesi: _xludf.GET.WORKBOOK(1)

Sheet STOK KULLANIM
A1: TARİH | B1: PROJE | C1: TÜR | D1: MALZEME | E1: KALİTE | F1: KESİLECEK PARÇA ADEDİ | G1: KESİLECEK PARÇA BOYU | H1: GEREKLİ ADET | I1: BOY | J1: FİRE | K1: EŞİT FİRE | L1: SONDAN KALAN FİRE | O1: BIÇAK PAYI | P1: HURDA< | XEV1: 6000 | XEZ1: KUTU PROFİL | XFC1: S235JR
H2: =IFERROR(IF( SK[[#This Row],[KESİLECEK PARÇA ADEDİ ]]*SK[[#This Row],[KESİLECEK PARÇA BOYU]] < SK[[#This Row],[BOY]] - 3*ROUNDUP(SK[[#This Row],[BOY]]/SK[[#This Row],[KESİLECEK PARÇA BOYU]] - 1, 0), 1, ROUNDUP(SK[[#This Row],[KESİLECEK PARÇA ADEDİ ]]/INT(SK[[#This Row],[BOY]]/(SK[[#This Row],[KESİLECEK PARÇA BOYU]]+$O$2)), 0) ),0) -> 0 | I2: 6000 | J2: =IFERROR( IF(SK[[#This Row],[GEREKLİ ADET]]=1, SK[[#This Row],[BOY]]-SK[[#This Row],[KESİLECEK PARÇA ADEDİ ]]*(SK[[#This Row],[KESİLECEK PARÇA BOYU]]+$O$2), IF( MOD(SK[[#This Row],[BOY]],SK[[#This Row],[KESİLECEK PARÇA BOYU]])-$O$2*INT(SK[[#This Row],[BOY]]/SK[[#This Row],[KESİLECEK PARÇA BOYU]])>$P$2, (MOD(SK[[#This Row],[BOY]],SK[[#This Row],[KESİLECEK PARÇA BOYU]])-$O$2*INT(SK[[#This Row],[BOY]]/SK[[#This Row],[KESİLECEK PARÇA BOYU]]))*SK[[#This Row],[GEREKLİ ADET]], 0 ) ) + IF(SK[[#This Row],[GEREKLİ ADET]]>1, IF( INT((SK[[#This Row],[BOY]]+$O$2)/(SK[[#This Row],[KESİLECEK PARÇA BOYU]]+$O$2))=0, 0, IF( (SK[[#This Row],[BOY]]-MOD(SK[[#This Row],[KESİLECEK PARÇA ADEDİ ]], INT((SK[[#This Row],[BOY]]+$O$2)/(SK[[#This Row],[KESİLECEK PARÇA BOYU]]+$O$2)) )*(SK[[#This Row],[KESİLECEK PARÇA BOYU]]+$O$2))>$P$2, IF( MOD(SK[[#This Row],[KESİLECEK PARÇA ADEDİ ]], INT((SK[[#This Row],[BOY]]+$O$2)/(SK[[#This Row],[KESİLECEK PARÇA BOYU]]+$O$2)))=0, 0, SK[[#This Row],[BOY]]-MOD(SK[[#This Row],[KESİLECEK PARÇA ADEDİ ]], INT((SK[[#This Row],[BOY]]+$O$2)/(SK[[#This Row],[KESİLECEK PARÇA BOYU]]+$O$2)))*(SK[[#This Row],[KESİLECEK PARÇA BOYU]]+$O$2) ), 0 ) ), 0 ), 0) -> 0 | K2: =IFERROR( IF( IF( MOD(SK[[#This Row],[BOY]],SK[[#This Row],[KESİLECEK PARÇA BOYU]])-$O$2*INT(SK[[#This Row],[BOY]]/SK[[#This Row],[KESİLECEK PARÇA BOYU]])>$P$2, (MOD(SK[[#This Row],[BOY]],SK[[#This Row],[KESİLECEK PARÇA BOYU]])-$O$2*INT(SK[[#This Row],[BOY]]/SK[[#This Row],[KESİLECEK PARÇA BOYU]])), 0 )>0,IF( MOD(SK[[#This Row],[BOY]],SK[[#This Row],[KESİLECEK PARÇA BOYU]])-$O$2*INT(SK[[#This Row],[BOY]]/SK[[#This Row],[KESİLECEK PARÇA BOYU]])>$P$2, (MOD(SK[[#This Row],[BOY]],SK[[#This Row],[KESİLECEK PARÇA BOYU]])-$O$2*INT(SK[[#This Row],[BOY]]/SK[[#This Row],[KESİLECEK PARÇA BOYU]])), 0 ),0),0) -> 0 | L2: =IFERROR(IF(SK[[#This Row],[BOY]]-(SK[[#This Row],[KESİLECEK PARÇA BOYU]]+$O$2)*MOD(SK[[#This Row],[KESİLECEK PARÇA ADEDİ ]],INT(SK[[#This Row],[BOY]]/(SK[[#This Row],[KESİLECEK PARÇA BOYU]]+$O$2)))<SK[[#This Row],[BOY]],SK[[#This Row],[BOY]]-(SK[[#This Row],[KESİLECEK PARÇA BOYU]]+$O$2)*MOD(SK[[#This Row],[KESİLECEK PARÇA ADEDİ ]],INT(SK[[#This Row],[BOY]]/(SK[[#This Row],[KESİLECEK PARÇA BOYU]]+$O$2))),0),0) -> 0 | O2: 3 | P2: 1000 | XEV2: 12000 | XEZ2: BORU PROFİL | XFC2: S355J2H
H3: =IFERROR(IF( SK[[#This Row],[KESİLECEK PARÇA ADEDİ ]]*SK[[#This Row],[KESİLECEK PARÇA BOYU]] < SK[[#This Row],[BOY]] - 3*ROUNDUP(SK[[#This Row],[BOY]]/SK[[#This Row],[KESİLECEK PARÇA BOYU]] - 1, 0), 1, ROUNDUP(SK[[#This Row],[KESİLECEK PARÇA ADEDİ ]]/INT(SK[[#This Row],[BOY]]/(SK[[#This Row],[KESİLECEK PARÇA BOYU]]+$O$2)), 0) ),0) -> 0 | I3: 6000 | J3: =IFERROR( IF(SK[[#This Row],[GEREKLİ ADET]]=1, SK[[#This Row],[BOY]]-SK[[#This Row],[KESİLECEK PARÇA ADEDİ ]]*(SK[[#This Row],[KESİLECEK PARÇA BOYU]]+$O$2), IF( MOD(SK[[#This Row],[BOY]],SK[[#This Row],[KESİLECEK PARÇA BOYU]])-$O$2*INT(SK[[#This Row],[BOY]]/SK[[#This Row],[KESİLECEK PARÇA BOYU]])>$P$2, (MOD(SK[[#This Row],[BOY]],SK[[#This Row],[KESİLECEK PARÇA BOYU]])-$O$2*INT(SK[[#This Row],[BOY]]/SK[[#This Row],[KESİLECEK PARÇA BOYU]]))*SK[[#This Row],[GEREKLİ ADET]], 0 ) ) + IF(SK[[#This Row],[GEREKLİ ADET]]>1, IF( INT((SK[[#This Row],[BOY]]+$O$2)/(SK[[#This Row],[KESİLECEK PARÇA BOYU]]+$O$2))=0, 0, IF( (SK[[#This Row],[BOY]]-MOD(SK[[#This Row],[KESİLECEK PARÇA ADEDİ ]], INT((SK[[#This Row],[BOY]]+$O$2)/(SK[[#This Row],[KESİLECEK PARÇA BOYU]]+$O$2)) )*(SK[[#This Row],[KESİLECEK PARÇA BOYU]]+$O$2))>$P$2, IF( MOD(SK[[#This Row],[KESİLECEK PARÇA ADEDİ ]], INT((SK[[#This Row],[BOY]]+$O$2)/(SK[[#This Row],[KESİLECEK PARÇA BOYU]]+$O$2)))=0, 0, SK[[#This Row],[BOY]]-MOD(SK[[#This Row],[KESİLECEK PARÇA ADEDİ ]], INT((SK[[#This Row],[BOY]]+$O$2)/(SK[[#This Row],[KESİLECEK PARÇA BOYU]]+$O$2)))*(SK[[#This Row],[KESİLECEK PARÇA BOYU]]+$O$2) ), 0 ) ), 0 ), 0) -> 0 | K3: =IFERROR( IF( IF( MOD(SK[[#This Row],[BOY]],SK[[#This Row],[KESİLECEK PARÇA BOYU]])-$O$2*INT(SK[[#This Row],[BOY]]/SK[[#This Row],[KESİLECEK PARÇA BOYU]])>$P$2, (MOD(SK[[#This Row],[BOY]],SK[[#This Row],[KESİLECEK PARÇA BOYU]])-$O$2*INT(SK[[#This Row],[BOY]]/SK[[#This Row],[KESİLECEK PARÇA BOYU]])), 0 )>0,IF( MOD(SK[[#This Row],[BOY]],SK[[#This Row],[KESİLECEK PARÇA BOYU]])-$O$2*INT(SK[[#This Row],[BOY]]/SK[[#This Row],[KESİLECEK PARÇA BOYU]])>$P$2, (MOD(SK[[#This Row],[BOY]],SK[[#This Row],[KESİLECEK PARÇA BOYU]])-$O$2*INT(SK[[#This Row],[BOY]]/SK[[#This Row],[KESİLECEK PARÇA BOYU]])), 0 ),0),0) -> 0 | L3: =IFERROR(IF(SK[[#This Row],[BOY]]-(SK[[#This Row],[KESİLECEK PARÇA BOYU]]+$O$2)*MOD(SK[[#This Row],[KESİLECEK PARÇA ADEDİ ]],INT(SK[[#This Row],[BOY]]/(SK[[#This Row],[KESİLECEK PARÇA BOYU]]+$O$2)))<SK[[#This Row],[BOY]],SK[[#This Row],[BOY]]-(SK[[#This Row],[KESİLECEK PARÇA BOYU]]+$O$2)*MOD(SK[[#This Row],[KESİLECEK PARÇA ADEDİ ]],INT(SK[[#This Row],[BOY]]/(SK[[#This Row],[KESİLECEK PARÇA BOYU]]+$O$2))),0),0) -> 0 | XEZ3: HEA PROFİL | XFC3: S355JR
H4: =IFERROR(IF( SK[[#This Row],[KESİLECEK PARÇA ADEDİ ]]*SK[[#This Row],[KESİLECEK PARÇA BOYU]] < SK[[#This Row],[BOY]] - 3*ROUNDUP(SK[[#This Row],[BOY]]/SK[[#This Row],[KESİLECEK PARÇA BOYU]] - 1, 0), 1, ROUNDUP(SK[[#This Row],[KESİLECEK PARÇA ADEDİ ]]/INT(SK[[#This Row],[BOY]]/(SK[[#This Row],[KESİLECEK PARÇA BOYU]]+$O$2)), 0) ),0) -> 0 | I4: 12000 | J4: =IFERROR( IF(SK[[#This Row],[GEREKLİ ADET]]=1, SK[[#This Row],[BOY]]-SK[[#This Row],[KESİLECEK PARÇA ADEDİ ]]*(SK[[#This Row],[KESİLECEK PARÇA BOYU]]+$O$2), IF( MOD(SK[[#This Row],[BOY]],SK[[#This Row],[KESİLECEK PARÇA BOYU]])-$O$2*INT(SK[[#This Row],[BOY]]/SK[[#This Row],[KESİLECEK PARÇA BOYU]])>$P$2, (MOD(SK[[#This Row],[BOY]],SK[[#This Row],[KESİLECEK PARÇA BOYU]])-$O$2*INT(SK[[#This Row],[BOY]]/SK[[#This Row],[KESİLECEK PARÇA BOYU]]))*SK[[#This Row],[GEREKLİ ADET]], 0 ) ) + IF(SK[[#This Row],[GEREKLİ ADET]]>1, IF( INT((SK[[#This Row],[BOY]]+$O$2)/(SK[[#This Row],[KESİLECEK PARÇA BOYU]]+$O$2))=0, 0, IF( (SK[[#This Row],[BOY]]-MOD(SK[[#This Row],[KESİLECEK PARÇA ADEDİ ]], INT((SK[[#This Row],[BOY]]+$O$2)/(SK[[#This Row],[KESİLECEK PARÇA BOYU]]+$O$2)) )*(SK[[#This Row],[KESİLECEK PARÇA BOYU]]+$O$2))>$P$2, IF( MOD(SK[[#This Row],[KESİLECEK PARÇA ADEDİ ]], INT((SK[[#This Row],[BOY]]+$O$2)/(SK[[#This Row],[KESİLECEK PARÇA BOYU]]+$O$2)))=0, 0, SK[[#This Row],[BOY]]-MOD(SK[[#This Row],[KESİLECEK PARÇA ADEDİ ]], INT((SK[[#This Row],[BOY]]+$O$2)/(SK[[#This Row],[KESİLECEK PARÇA BOYU]]+$O$2)))*(SK[[#This Row],[KESİLECEK PARÇA BOYU]]+$O$2) ), 0 ) ), 0 ), 0) -> 0 | K4: =IFERROR( IF( IF( MOD(SK[[#This Row],[BOY]],SK[[#This Row],[KESİLECEK PARÇA BOYU]])-$O$2*INT(SK[[#This Row],[BOY]]/SK[[#This Row],[KESİLECEK PARÇA BOYU]])>$P$2, (MOD(SK[[#This Row],[BOY]],SK[[#This Row],[KESİLECEK PARÇA BOYU]])-$O$2*INT(SK[[#This Row],[BOY]]/SK[[#This Row],[KESİLECEK PARÇA BOYU]])), 0 )>0,IF( MOD(SK[[#This Row],[BOY]],SK[[#This Row],[KESİLECEK PARÇA BOYU]])-$O$2*INT(SK[[#This Row],[BOY]]/SK[[#This Row],[KESİLECEK PARÇA BOYU]])>$P$2, (MOD(SK[[#This Row],[BOY]],SK[[#This Row],[KESİLECEK PARÇA BOYU]])-$O$2*INT(SK[[#This Row],[BOY]]/SK[[#This Row],[KESİLECEK PARÇA BOYU]])), 0 ),0),0) -> 0 | L4: =IFERROR(IF(SK[[#This Row],[BOY]]-(SK[[#This Row],[KESİLECEK PARÇA BOYU]]+$O$2)*MOD(SK[[#This Row],[KESİLECEK PARÇA ADEDİ ]],INT(SK[[#This Row],[BOY]]/(SK[[#This Row],[KESİLECEK PARÇA BOYU]]+$O$2)))<SK[[#This Row],[BOY]],SK[[#This Row],[BOY]]-(SK[[#This Row],[KESİLECEK PARÇA BOYU]]+$O$2)*MOD(SK[[#This Row],[KESİLECEK PARÇA ADEDİ ]],INT(SK[[#This Row],[BOY]]/(SK[[#This Row],[KESİLECEK PARÇA BOYU]]+$O$2))),0),0) -> 0 | XEZ4: HEB PROFİL | XFC4: S355J2
H5: =IFERROR(IF( SK[[#This Row],[KESİLECEK PARÇA ADEDİ ]]*SK[[#This Row],[KESİLECEK PARÇA BOYU]] < SK[[#This Row],[BOY]] - 3*ROUNDUP(SK[[#This Row],[BOY]]/SK[[#This Row],[KESİLECEK PARÇA BOYU]] - 1, 0), 1, ROUNDUP(SK[[#This Row],[KESİLECEK PARÇA ADEDİ ]]/INT(SK[[#This Row],[BOY]]/(SK[[#This Row],[KESİLECEK PARÇA BOYU]]+$O$2)), 0) ),0) -> 0 | I5: 6000 | J5: =IFERROR( IF(SK[[#This Row],[GEREKLİ ADET]]=1, SK[[#This Row],[BOY]]-SK[[#This Row],[KESİLECEK PARÇA ADEDİ ]]*(SK[[#This Row],[KESİLECEK PARÇA BOYU]]+$O$2), IF( MOD(SK[[#This Row],[BOY]],SK[[#This Row],[KESİLECEK PARÇA BOYU]])-$O$2*INT(SK[[#This Row],[BOY]]/SK[[#This Row],[KESİLECEK PARÇA BOYU]])>$P$2, (MOD(SK[[#This Row],[BOY]],SK[[#This Row],[KESİLECEK PARÇA BOYU]])-$O$2*INT(SK[[#This Row],[BOY]]/SK[[#This Row],[KESİLECEK PARÇA BOYU]]))*SK[[#This Row],[GEREKLİ ADET]], 0 ) ) + IF(SK[[#This Row],[GEREKLİ ADET]]>1, IF( INT((SK[[#This Row],[BOY]]+$O$2)/(SK[[#This Row],[KESİLECEK PARÇA BOYU]]+$O$2))=0, 0, IF( (SK[[#This Row],[BOY]]-MOD(SK[[#This Row],[KESİLECEK PARÇA ADEDİ ]], INT((SK[[#This Row],[BOY]]+$O$2)/(SK[[#This Row],[KESİLECEK PARÇA BOYU]]+$O$2)) )*(SK[[#This Row],[KESİLECEK PARÇA BOYU]]+$O$2))>$P$2, IF( MOD(SK[[#This Row],[KESİLECEK PARÇA ADEDİ ]], INT((SK[[#This Row],[BOY]]+$O$2)/(SK[[#This Row],[KESİLECEK PARÇA BOYU]]+$O$2)))=0, 0, SK[[#This Row],[BOY]]-MOD(SK[[#This Row],[KESİLECEK PARÇA ADEDİ ]], INT((SK[[#This Row],[BOY]]+$O$2)/(SK[[#This Row],[KESİLECEK PARÇA BOYU]]+$O$2)))*(SK[[#This Row],[KESİLECEK PARÇA BOYU]]+$O$2) ), 0 ) ), 0 ), 0) -> 0 | K5: =IFERROR( IF( IF( MOD(SK[[#This Row],[BOY]],SK[[#This Row],[KESİLECEK PARÇA BOYU]])-$O$2*INT(SK[[#This Row],[BOY]]/SK[[#This Row],[KESİLECEK PARÇA BOYU]])>$P$2, (MOD(SK[[#This Row],[BOY]],SK[[#This Row],[KESİLECEK PARÇA BOYU]])-$O$2*INT(SK[[#This Row],[BOY]]/SK[[#This Row],[KESİLECEK PARÇA BOYU]])), 0 )>0,IF( MOD(SK[[#This Row],[BOY]],SK[[#This Row],[KESİLECEK PARÇA BOYU]])-$O$2*INT(SK[[#This Row],[BOY]]/SK[[#This Row],[KESİLECEK PARÇA BOYU]])>$P$2, (MOD(SK[[#This Row],[BOY]],SK[[#This Row],[KESİLECEK PARÇA BOYU]])-$O$2*INT(SK[[#This Row],[BOY]]/SK[[#This Row],[KESİLECEK PARÇA BOYU]])), 0 ),0),0) -> 0 | L5: =IFERROR(IF(SK[[#This Row],[BOY]]-(SK[[#This Row],[KESİLECEK PARÇA BOYU]]+$O$2)*MOD(SK[[#This Row],[KESİLECEK PARÇA ADEDİ ]],INT(SK[[#This Row],[BOY]]/(SK[[#This Row],[KESİLECEK PARÇA BOYU]]+$O$2)))<SK[[#This Row],[BOY]],SK[[#This Row],[BOY]]-(SK[[#This Row],[KESİLECEK PARÇA BOYU]]+$O$2)*MOD(SK[[#This Row],[KESİLECEK PARÇA ADEDİ ]],INT(SK[[#This Row],[BOY]]/(SK[[#This Row],[KESİLECEK PARÇA BOYU]]+$O$2))),0),0) -> 0 | XEZ5: UNP PROFİL | XFC5: S275JR
H6: =IFERROR(IF( SK[[#This Row],[KESİLECEK PARÇA ADEDİ ]]*SK[[#This Row],[KESİLECEK PARÇA BOYU]] < SK[[#This Row],[BOY]] - 3*ROUNDUP(SK[[#This Row],[BOY]]/SK[[#This Row],[KESİLECEK PARÇA BOYU]] - 1, 0), 1, ROUNDUP(SK[[#This Row],[KESİLECEK PARÇA ADEDİ ]]/INT(SK[[#This Row],[BOY]]/(SK[[#This Row],[KESİLECEK PARÇA BOYU]]+$O$2)), 0) ),0) -> 0 | J6: =IFERROR( IF(SK[[#This Row],[GEREKLİ ADET]]=1, SK[[#This Row],[BOY]]-SK[[#This Row],[KESİLECEK PARÇA ADEDİ ]]*(SK[[#This Row],[KESİLECEK PARÇA BOYU]]+$O$2), IF( MOD(SK[[#This Row],[BOY]],SK[[#This Row],[KESİLECEK PARÇA BOYU]])-$O$2*INT(SK[[#This Row],[BOY]]/SK[[#This Row],[KESİLECEK PARÇA BOYU]])>$P$2, (MOD(SK[[#This Row],[BOY]],SK[[#This Row],[KESİLECEK PARÇA BOYU]])-$O$2*INT(SK[[#This Row],[BOY]]/SK[[#This Row],[KESİLECEK PARÇA BOYU]]))*SK[[#This Row],[GEREKLİ ADET]], 0 ) ) + IF(SK[[#This Row],[GEREKLİ ADET]]>1, IF( INT((SK[[#This Row],[BOY]]+$O$2)/(SK[[#This Row],[KESİLECEK PARÇA BOYU]]+$O$2))=0, 0, IF( (SK[[#This Row],[BOY]]-MOD(SK[[#This Row],[KESİLECEK PARÇA ADEDİ ]], INT((SK[[#This Row],[BOY]]+$O$2)/(SK[[#This Row],[KESİLECEK PARÇA BOYU]]+$O$2)) )*(SK[[#This Row],[KESİLECEK PARÇA BOYU]]+$O$2))>$P$2, IF( MOD(SK[[#This Row],[KESİLECEK PARÇA ADEDİ ]], INT((SK[[#This Row],[BOY]]+$O$2)/(SK[[#This Row],[KESİLECEK PARÇA BOYU]]+$O$2)))=0, 0, SK[[#This Row],[BOY]]-MOD(SK[[#This Row],[KESİLECEK PARÇA ADEDİ ]], INT((SK[[#This Row],[BOY]]+$O$2)/(SK[[#This Row],[KESİLECEK PARÇA BOYU]]+$O$2)))*(SK[[#This Row],[KESİLECEK PARÇA BOYU]]+$O$2) ), 0 ) ), 0 ), 0) -> 0 | K6: =IFERROR( IF( IF( MOD(SK[[#This Row],[BOY]],SK[[#This Row],[KESİLECEK PARÇA BOYU]])-$O$2*INT(SK[[#This Row],[BOY]]/SK[[#This Row],[KESİLECEK PARÇA BOYU]])>$P$2, (MOD(SK[[#This Row],[BOY]],SK[[#This Row],[KESİLECEK PARÇA BOYU]])-$O$2*INT(SK[[#This Row],[BOY]]/SK[[#This Row],[KESİLECEK PARÇA BOYU]])), 0 )>0,IF( MOD(SK[[#This Row],[BOY]],SK[[#This Row],[KESİLECEK PARÇA BOYU]])-$O$2*INT(SK[[#This Row],[BOY]]/SK[[#This Row],[KESİLECEK PARÇA BOYU]])>$P$2, (MOD(SK[[#This Row],[BOY]],SK[[#This Row],[KESİLECEK PARÇA BOYU]])-$O$2*INT(SK[[#This Row],[BOY]]/SK[[#This Row],[KESİLECEK PARÇA BOYU]])), 0 ),0),0) -> 0 | L6: =IFERROR(IF(SK[[#This Row],[BOY]]-(SK[[#This Row],[KESİLECEK PARÇA BOYU]]+$O$2)*MOD(SK[[#This Row],[KESİLECEK PARÇA ADEDİ ]],INT(SK[[#This Row],[BOY]]/(SK[[#This Row],[KESİLECEK PARÇA BOYU]]+$O$2)))<SK[[#This Row],[BOY]],SK[[#This Row],[BOY]]-(SK[[#This Row],[KESİLECEK PARÇA BOYU]]+$O$2)*MOD(SK[[#This Row],[KESİLECEK PARÇA ADEDİ ]],INT(SK[[#This Row],[BOY]]/(SK[[#This Row],[KESİLECEK PARÇA BOYU]]+$O$2))),0),0) -> 0 | XEZ6: NPL PROFİL | XFC6: PASLANMAZ
A7: 45895 | B7: 225 | C7: KUTU PROFİL | D7: RHS 100X50X3 | E7: S275JR | F7: 2 | G7: 3000 | H7: =IF(OR(SK[[#This Row],[KESİLECEK PARÇA ADEDİ ]]*(SK[[#This Row],[KESİLECEK PARÇA BOYU]]+O2)<=SK[[#This Row],[BOY]],SK[[#This Row],[KESİLECEK PARÇA ADEDİ ]]*SK[[#This Row],[KESİLECEK PARÇA BOYU]]+O2*(SK[[#This Row],[KESİLECEK PARÇA ADEDİ ]]-1)<=SK[[#This Row],[BOY]]),1,ROUNDUP(SK[[#This Row],[BOY]]/(SK[[#This Row],[KESİLECEK PARÇA BOYU]]+O2),0)) -> 2 | I7: 6000 | J7: =IFERROR( IF(SK[[#This Row],[GEREKLİ ADET]]=1, SK[[#This Row],[BOY]]-SK[[#This Row],[KESİLECEK PARÇA ADEDİ ]]*(SK[[#This Row],[KESİLECEK PARÇA BOYU]]+$O$2), IF( MOD(SK[[#This Row],[BOY]],SK[[#This Row],[KESİLECEK PARÇA BOYU]])-$O$2*INT(SK[[#This Row],[BOY]]/SK[[#This Row],[KESİLECEK PARÇA BOYU]])>$P$2, (MOD(SK[[#This Row],[BOY]],SK[[#This Row],[KESİLECEK PARÇA BOYU]])-$O$2*INT(SK[[#This Row],[BOY]]/SK[[#This Row],[KESİLECEK PARÇA BOYU]]))*SK[[#This Row],[GEREKLİ ADET]], 0 ) ) + IF(SK[[#This Row],[GEREKLİ ADET]]>1, IF( INT(SK[[#This Row],[BOY]]/(SK[[#This Row],[KESİLECEK PARÇA BOYU]]+$O$2))=0, 0, IF( (SK[[#This Row],[BOY]]-MOD(SK[[#This Row],[KESİLECEK PARÇA ADEDİ ]], INT((SK[[#This Row],[BOY]]+$O$2)/(SK[[#This Row],[KESİLECEK PARÇA BOYU]]+$O$2)) )*(SK[[#This Row],[KESİLECEK PARÇA BOYU]]+$O$2))>$P$2, IF( MOD(SK[[#This Row],[KESİLECEK PARÇA ADEDİ ]], INT((SK[[#This Row],[BOY]]+$O$2)/(SK[[#This Row],[KESİLECEK PARÇA BOYU]]+$O$2)))=0, 0, SK[[#This Row],[BOY]]-MOD(SK[[#This Row],[KESİLECEK PARÇA ADEDİ ]], INT((SK[[#This Row],[BOY]]+$O$2)/(SK[[#This Row],[KESİLECEK PARÇA BOYU]]+$O$2)))*(SK[[#This Row],[KESİLECEK PARÇA BOYU]]+$O$2) ), 0 ) ), 0 ), 0) -> 0 | K7: =IFERROR( IF( IF( MOD(SK[[#This Row],[BOY]],SK[[#This Row],[KESİLECEK PARÇA BOYU]])-$O$2*INT(SK[[#This Row],[BOY]]/SK[[#This Row],[KESİLECEK PARÇA BOYU]])>$P$2, (MOD(SK[[#This Row],[BOY]],SK[[#This Row],[KESİLECEK PARÇA BOYU]])-$O$2*INT(SK[[#This Row],[BOY]]/SK[[#This Row],[KESİLECEK PARÇA BOYU]])), 0 )>0,IF( MOD(SK[[#This Row],[BOY]],SK[[#This Row],[KESİLECEK PARÇA BOYU]])-$O$2*INT(SK[[#This Row],[BOY]]/SK[[#This Row],[KESİLECEK PARÇA BOYU]])>$P$2, (MOD(SK[[#This Row],[BOY]],SK[[#This Row],[KESİLECEK PARÇA BOYU]])-$O$2*INT(SK[[#This Row],[BOY]]/SK[[#This Row],[KESİLECEK PARÇA BOYU]])), 0 ),0),0) -> 0 | L7: =IFERROR(IF(SK[[#This Row],[BOY]]-(SK[[#This Row],[KESİLECEK PARÇA BOYU]]+$O$2)*MOD(SK[[#This Row],[KESİLECEK PARÇA ADEDİ ]],INT(SK[[#This Row],[BOY]]/(SK[[#This Row],[KESİLECEK PARÇA BOYU]]+$O$2)))<SK[[#This Row],[BOY]],SK[[#This Row],[BOY]]-(SK[[#This Row],[KESİLECEK PARÇA BOYU]]+$O$2)*MOD(SK[[#This Row],[KESİLECEK PARÇA ADEDİ ]],INT(SK[[#This Row],[BOY]]/(SK[[#This Row],[KESİLECEK PARÇA BOYU]]+$O$2))),0),0) -> 0 | XEZ7: IPE PROFİL | XFC7: S355J0H
H8: =IFERROR(IF( SK[[#This Row],[KESİLECEK PARÇA ADEDİ ]]*SK[[#This Row],[KESİLECEK PARÇA BOYU]] < SK[[#This Row],[BOY]] - 3*ROUNDUP(SK[[#This Row],[BOY]]/SK[[#This Row],[KESİLECEK PARÇA BOYU]] - 1, 0), 1, ROUNDUP(SK[[#This Row],[KESİLECEK PARÇA ADEDİ ]]/INT(SK[[#This Row],[BOY]]/(SK[[#This Row],[KESİLECEK PARÇA BOYU]]+$O$2)), 0) ),0) -> 0 | I8: 12000 | J8: =IFERROR( IF(SK[[#This Row],[GEREKLİ ADET]]=1, SK[[#This Row],[BOY]]-SK[[#This Row],[KESİLECEK PARÇA ADEDİ ]]*(SK[[#This Row],[KESİLECEK PARÇA BOYU]]+$O$2), IF( MOD(SK[[#This Row],[BOY]],SK[[#This Row],[KESİLECEK PARÇA BOYU]])-$O$2*INT(SK[[#This Row],[BOY]]/SK[[#This Row],[KESİLECEK PARÇA BOYU]])>$P$2, (MOD(SK[[#This Row],[BOY]],SK[[#This Row],[KESİLECEK PARÇA BOYU]])-$O$2*INT(SK[[#This Row],[BOY]]/SK[[#This Row],[KESİLECEK PARÇA BOYU]]))*SK[[#This Row],[GEREKLİ ADET]], 0 ) ) + IF(SK[[#This Row],[GEREKLİ ADET]]>1, IF( INT((SK[[#This Row],[BOY]]+$O$2)/(SK[[#This Row],[KESİLECEK PARÇA BOYU]]+$O$2))=0, 0, IF( (SK[[#This Row],[BOY]]-MOD(SK[[#This Row],[KESİLECEK PARÇA ADEDİ ]], INT((SK[[#This Row],[BOY]]+$O$2)/(SK[[#This Row],[KESİLECEK PARÇA BOYU]]+$O$2)) )*(SK[[#This Row],[KESİLECEK PARÇA BOYU]]+$O$2))>$P$2, IF( MOD(SK[[#This Row],[KESİLECEK PARÇA ADEDİ ]], INT((SK[[#This Row],[BOY]]+$O$2)/(SK[[#This Row],[KESİLECEK PARÇA BOYU]]+$O$2)))=0, 0, SK[[#This Row],[BOY]]-MOD(SK[[#This Row],[KESİLECEK PARÇA ADEDİ ]], INT((SK[[#This Row],[BOY]]+$O$2)/(SK[[#This Row],[KESİLECEK PARÇA BOYU]]+$O$2)))*(SK[[#This Row],[KESİLECEK PARÇA BOYU]]+$O$2) ), 0 ) ), 0 ), 0) -> 0 | K8: =IFERROR( IF( IF( MOD(SK[[#This Row],[BOY]],SK[[#This Row],[KESİLECEK PARÇA BOYU]])-$O$2*INT(SK[[#This Row],[BOY]]/SK[[#This Row],[KESİLECEK PARÇA BOYU]])>$P$2, (MOD(SK[[#This Row],[BOY]],SK[[#This Row],[KESİLECEK PARÇA BOYU]])-$O$2*INT(SK[[#This Row],[BOY]]/SK[[#This Row],[KESİLECEK PARÇA BOYU]])), 0 )>0,IF( MOD(SK[[#This Row],[BOY]],SK[[#This Row],[KESİLECEK PARÇA BOYU]])-$O$2*INT(SK[[#This Row],[BOY]]/SK[[#This Row],[KESİLECEK PARÇA BOYU]])>$P$2, (MOD(SK[[#This Row],[BOY]],SK[[#This Row],[KESİLECEK PARÇA BOYU]])-$O$2*INT(SK[[#This Row],[BOY]]/SK[[#This Row],[KESİLECEK PARÇA BOYU]])), 0 ),0),0) -> 0 | L8: =IFERROR(IF(SK[[#This Row],[BOY]]-(SK[[#This Row],[KESİLECEK PARÇA BOYU]]+$O$2)*MOD(SK[[#This Row],[KESİLECEK PARÇA ADEDİ ]],INT(SK[[#This Row],[BOY]]/(SK[[#This Row],[KESİLECEK PARÇA BOYU]]+$O$2)))<SK[[#This Row],[BOY]],SK[[#This Row],[BOY]]-(SK[[#This Row],[KESİLECEK PARÇA BOYU]]+$O$2)*MOD(SK[[#This Row],[KESİLECEK PARÇA ADEDİ ]],INT(SK[[#This Row],[BOY]]/(SK[[#This Row],[KESİLECEK PARÇA BOYU]]+$O$2))),0),0) -> 0 | XEZ8: NPI PROFİL
H9: =IFERROR(IF( SK[[#This Row],[KESİLECEK PARÇA ADEDİ ]]*SK[[#This Row],[KESİLECEK PARÇA BOYU]] < SK[[#This Row],[BOY]] - 3*ROUNDUP(SK[[#This Row],[BOY]]/SK[[#This Row],[KESİLECEK PARÇA BOYU]] - 1, 0), 1, ROUNDUP(SK[[#This Row],[KESİLECEK PARÇA ADEDİ ]]/INT(SK[[#This Row],[BOY]]/(SK[[#This Row],[KESİLECEK PARÇA BOYU]]+$O$2)), 0) ),0) -> 0 | I9: 12000 | J9: =IFERROR( IF(SK[[#This Row],[GEREKLİ ADET]]=1, SK[[#This Row],[BOY]]-SK[[#This Row],[KESİLECEK PARÇA ADEDİ ]]*(SK[[#This Row],[KESİLECEK PARÇA BOYU]]+$O$2), IF( MOD(SK[[#This Row],[BOY]],SK[[#This Row],[KESİLECEK PARÇA BOYU]])-$O$2*INT(SK[[#This Row],[BOY]]/SK[[#This Row],[KESİLECEK PARÇA BOYU]])>$P$2, (MOD(SK[[#This Row],[BOY]],SK[[#This Row],[KESİLECEK PARÇA BOYU]])-$O$2*INT(SK[[#This Row],[BOY]]/SK[[#This Row],[KESİLECEK PARÇA BOYU]]))*SK[[#This Row],[GEREKLİ ADET]], 0 ) ) + IF(SK[[#This Row],[GEREKLİ ADET]]>1, IF( INT((SK[[#This Row],[BOY]]+$O$2)/(SK[[#This Row],[KESİLECEK PARÇA BOYU]]+$O$2))=0, 0, IF( (SK[[#This Row],[BOY]]-MOD(SK[[#This Row],[KESİLECEK PARÇA ADEDİ ]], INT((SK[[#This Row],[BOY]]+$O$2)/(SK[[#This Row],[KESİLECEK PARÇA BOYU]]+$O$2)) )*(SK[[#This Row],[KESİLECEK PARÇA BOYU]]+$O$2))>$P$2, IF( MOD(SK[[#This Row],[KESİLECEK PARÇA ADEDİ ]], INT((SK[[#This Row],[BOY]]+$O$2)/(SK[[#This Row],[KESİLECEK PARÇA BOYU]]+$O$2)))=0, 0, SK[[#This Row],[BOY]]-MOD(SK[[#This Row],[KESİLECEK PARÇA ADEDİ ]], INT((SK[[#This Row],[BOY]]+$O$2)/(SK[[#This Row],[KESİLECEK PARÇA BOYU]]+$O$2)))*(SK[[#This Row],[KESİLECEK PARÇA BOYU]]+$O$2) ), 0 ) ), 0 ), 0) -> 0 | K9: =IFERROR( IF( IF( MOD(SK[[#This Row],[BOY]],SK[[#This Row],[KESİLECEK PARÇA BOYU]])-$O$2*INT(SK[[#This Row],[BOY]]/SK[[#This Row],[KESİLECEK PARÇA BOYU]])>$P$2, (MOD(SK[[#This Row],[BOY]],SK[[#This Row],[KESİLECEK PARÇA BOYU]])-$O$2*INT(SK[[#This Row],[BOY]]/SK[[#This Row],[KESİLECEK PARÇA BOYU]])), 0 )>0,IF( MOD(SK[[#This Row],[BOY]],SK[[#This Row],[KESİLECEK PARÇA BOYU]])-$O$2*INT(SK[[#This Row],[BOY]]/SK[[#This Row],[KESİLECEK PARÇA BOYU]])>$P$2, (MOD(SK[[#This Row],[BOY]],SK[[#This Row],[KESİLECEK PARÇA BOYU]])-$O$2*INT(SK[[#This Row],[BOY]]/SK[[#This Row],[KESİLECEK PARÇA BOYU]])), 0 ),0),0) -> 0 | L9: =IFERROR(IF(SK[[#This Row],[BOY]]-(SK[[#This Row],[KESİLECEK PARÇA BOYU]]+$O$2)*MOD(SK[[#This Row],[KESİLECEK PARÇA ADEDİ ]],INT(SK[[#This Row],[BOY]]/(SK[[#This Row],[KESİLECEK PARÇA BOYU]]+$O$2)))<SK[[#This Row],[BOY]],SK[[#This Row],[BOY]]-(SK[[#This Row],[KESİLECEK PARÇA BOYU]]+$O$2)*MOD(SK[[#This Row],[KESİLECEK PARÇA ADEDİ ]],INT(SK[[#This Row],[BOY]]/(SK[[#This Row],[KESİLECEK PARÇA BOYU]]+$O$2))),0),0) -> 0 | XEZ9: Ø PROFİL
H10: =IFERROR(IF( SK[[#This Row],[KESİLECEK PARÇA ADEDİ ]]*SK[[#This Row],[KESİLECEK PARÇA BOYU]] < SK[[#This Row],[BOY]] - 3*ROUNDUP(SK[[#This Row],[BOY]]/SK[[#This Row],[KESİLECEK PARÇA BOYU]] - 1, 0), 1, ROUNDUP(SK[[#This Row],[KESİLECEK PARÇA ADEDİ ]]/INT(SK[[#This Row],[BOY]]/(SK[[#This Row],[KESİLECEK PARÇA BOYU]]+$O$2)), 0) ),0) -> 0 | I10: 12000 | J10: =IFERROR( IF(SK[[#This Row],[GEREKLİ ADET]]=1, SK[[#This Row],[BOY]]-SK[[#This Row],[KESİLECEK PARÇA ADEDİ ]]*(SK[[#This Row],[KESİLECEK PARÇA BOYU]]+$O$2), IF( MOD(SK[[#This Row],[BOY]],SK[[#This Row],[KESİLECEK PARÇA BOYU]])-$O$2*INT(SK[[#This Row],[BOY]]/SK[[#This Row],[KESİLECEK PARÇA BOYU]])>$P$2, (MOD(SK[[#This Row],[BOY]],SK[[#This Row],[KESİLECEK PARÇA BOYU]])-$O$2*INT(SK[[#This Row],[BOY]]/SK[[#This Row],[KESİLECEK PARÇA BOYU]]))*SK[[#This Row],[GEREKLİ ADET]], 0 ) ) + IF(SK[[#This Row],[GEREKLİ ADET]]>1, IF( INT((SK[[#This Row],[BOY]]+$O$2)/(SK[[#This Row],[KESİLECEK PARÇA BOYU]]+$O$2))=0, 0, IF( (SK[[#This Row],[BOY]]-MOD(SK[[#This Row],[KESİLECEK PARÇA ADEDİ ]], INT((SK[[#This Row],[BOY]]+$O$2)/(SK[[#This Row],[KESİLECEK PARÇA BOYU]]+$O$2)) )*(SK[[#This Row],[KESİLECEK PARÇA BOYU]]+$O$2))>$P$2, IF( MOD(SK[[#This Row],[KESİLECEK PARÇA ADEDİ ]], INT((SK[[#This Row],[BOY]]+$O$2)/(SK[[#This Row],[KESİLECEK PARÇA BOYU]]+$O$2)))=0, 0, SK[[#This Row],[BOY]]-MOD(SK[[#This Row],[KESİLECEK PARÇA ADEDİ ]], INT((SK[[#This Row],[BOY]]+$O$2)/(SK[[#This Row],[KESİLECEK PARÇA BOYU]]+$O$2)))*(SK[[#This Row],[KESİLECEK PARÇA BOYU]]+$O$2) ), 0 ) ), 0 ), 0) -> 0 | K10: =IFERROR( IF( IF( MOD(SK[[#This Row],[BOY]],SK[[#This Row],[KESİLECEK PARÇA BOYU]])-$O$2*INT(SK[[#This Row],[BOY]]/SK[[#This Row],[KESİLECEK PARÇA BOYU]])>$P$2, (MOD(SK[[#This Row],[BOY]],SK[[#This Row],[KESİLECEK PARÇA BOYU]])-$O$2*INT(SK[[#This Row],[BOY]]/SK[[#This Row],[KESİLECEK PARÇA BOYU]])), 0 )>0,IF( MOD(SK[[#This Row],[BOY]],SK[[#This Row],[KESİLECEK PARÇA BOYU]])-$O$2*INT(SK[[#This Row],[BOY]]/SK[[#This Row],[KESİLECEK PARÇA BOYU]])>$P$2, (MOD(SK[[#This Row],[BOY]],SK[[#This Row],[KESİLECEK PARÇA BOYU]])-$O$2*INT(SK[[#This Row],[BOY]]/SK[[#This Row],[KESİLECEK PARÇA BOYU]])), 0 ),0),0) -> 0 | L10: =IFERROR(IF(SK[[#This Row],[BOY]]-(SK[[#This Row],[KESİLECEK PARÇA BOYU]]+$O$2)*MOD(SK[[#This Row],[KESİLECEK PARÇA ADEDİ ]],INT(SK[[#This Row],[BOY]]/(SK[[#This Row],[KESİLECEK PARÇA BOYU]]+$O$2)))<SK[[#This Row],[BOY]],SK[[#This Row],[BOY]]-(SK[[#This Row],[KESİLECEK PARÇA BOYU]]+$O$2)*MOD(SK[[#This Row],[KESİLECEK PARÇA ADEDİ ]],INT(SK[[#This Row],[BOY]]/(SK[[#This Row],[KESİLECEK PARÇA BOYU]]+$O$2))),0),0) -> 0 | XEZ10: KARE DOLU
H11: =IFERROR(IF( SK[[#This Row],[KESİLECEK PARÇA ADEDİ ]]*SK[[#This Row],[KESİLECEK PARÇA BOYU]] < SK[[#This Row],[BOY]] - 3*ROUNDUP(SK[[#This Row],[BOY]]/SK[[#This Row],[KESİLECEK PARÇA BOYU]] - 1, 0), 1, ROUNDUP(SK[[#This Row],[KESİLECEK PARÇA ADEDİ ]]/INT(SK[[#This Row],[BOY]]/(SK[[#This Row],[KESİLECEK PARÇA BOYU]]+$O$2)), 0) ),0) -> 0 | J11: =IFERROR( IF(SK[[#This Row],[GEREKLİ ADET]]=1, SK[[#This Row],[BOY]]-SK[[#This Row],[KESİLECEK PARÇA ADEDİ ]]*(SK[[#This Row],[KESİLECEK PARÇA BOYU]]+$O$2), IF( MOD(SK[[#This Row],[BOY]],SK[[#This Row],[KESİLECEK PARÇA BOYU]])-$O$2*INT(SK[[#This Row],[BOY]]/SK[[#This Row],[KESİLECEK PARÇA BOYU]])>$P$2, (MOD(SK[[#This Row],[BOY]],SK[[#This Row],[KESİLECEK PARÇA BOYU]])-$O$2*INT(SK[[#This Row],[BOY]]/SK[[#This Row],[KESİLECEK PARÇA BOYU]]))*SK[[#This Row],[GEREKLİ ADET]], 0 ) ) + IF(SK[[#This Row],[GEREKLİ ADET]]>1, IF( INT((SK[[#This Row],[BOY]]+$O$2)/(SK[[#This Row],[KESİLECEK PARÇA BOYU]]+$O$2))=0, 0, IF( (SK[[#This Row],[BOY]]-MOD(SK[[#This Row],[KESİLECEK PARÇA ADEDİ ]], INT((SK[[#This Row],[BOY]]+$O$2)/(SK[[#This Row],[KESİLECEK PARÇA BOYU]]+$O$2)) )*(SK[[#This Row],[KESİLECEK PARÇA BOYU]]+$O$2))>$P$2, IF( MOD(SK[[#This Row],[KESİLECEK PARÇA ADEDİ ]], INT((SK[[#This Row],[BOY]]+$O$2)/(SK[[#This Row],[KESİLECEK PARÇA BOYU]]+$O$2)))=0, 0, SK[[#This Row],[BOY]]-MOD(SK[[#This Row],[KESİLECEK PARÇA ADEDİ ]], INT((SK[[#This Row],[BOY]]+$O$2)/(SK[[#This Row],[KESİLECEK PARÇA BOYU]]+$O$2)))*(SK[[#This Row],[KESİLECEK PARÇA BOYU]]+$O$2) ), 0 ) ), 0 ), 0) -> 0 | K11: =IFERROR( IF( IF( MOD(SK[[#This Row],[BOY]],SK[[#This Row],[KESİLECEK PARÇA BOYU]])-$O$2*INT(SK[[#This Row],[BOY]]/SK[[#This Row],[KESİLECEK PARÇA BOYU]])>$P$2, (MOD(SK[[#This Row],[BOY]],SK[[#This Row],[KESİLECEK PARÇA BOYU]])-$O$2*INT(SK[[#This Row],[BOY]]/SK[[#This Row],[KESİLECEK PARÇA BOYU]])), 0 )>0,IF( MOD(SK[[#This Row],[BOY]],SK[[#This Row],[KESİLECEK PARÇA BOYU]])-$O$2*INT(SK[[#This Row],[BOY]]/SK[[#This Row],[KESİLECEK PARÇA BOYU]])>$P$2, (MOD(SK[[#This Row],[BOY]],SK[[#This Row],[KESİLECEK PARÇA BOYU]])-$O$2*INT(SK[[#This Row],[BOY]]/SK[[#This Row],[KESİLECEK PARÇA BOYU]])), 0 ),0),0) -> 0 | L11: =IFERROR(IF(SK[[#This Row],[BOY]]-(SK[[#This Row],[KESİLECEK PARÇA BOYU]]+$O$2)*MOD(SK[[#This Row],[KESİLECEK PARÇA ADEDİ ]],INT(SK[[#This Row],[BOY]]/(SK[[#This Row],[KESİLECEK PARÇA BOYU]]+$O$2)))<SK[[#This Row],[BOY]],SK[[#This Row],[BOY]]-(SK[[#This Row],[KESİLECEK PARÇA BOYU]]+$O$2)*MOD(SK[[#This Row],[KESİLECEK PARÇA ADEDİ ]],INT(SK[[#This Row],[BOY]]/(SK[[#This Row],[KESİLECEK PARÇA BOYU]]+$O$2))),0),0) -> 0
H12: =IFERROR(IF( SK[[#This Row],[KESİLECEK PARÇA ADEDİ ]]*SK[[#This Row],[KESİLECEK PARÇA BOYU]] < SK[[#This Row],[BOY]] - 3*ROUNDUP(SK[[#This Row],[BOY]]/SK[[#This Row],[KESİLECEK PARÇA BOYU]] - 1, 0), 1, ROUNDUP(SK[[#This Row],[KESİLECEK PARÇA ADEDİ ]]/INT(SK[[#This Row],[BOY]]/(SK[[#This Row],[KESİLECEK PARÇA BOYU]]+$O$2)), 0) ),0) -> 0 | I12: 6000 | J12: =IFERROR( IF(SK[[#This Row],[GEREKLİ ADET]]=1, SK[[#This Row],[BOY]]-SK[[#This Row],[KESİLECEK PARÇA ADEDİ ]]*(SK[[#This Row],[KESİLECEK PARÇA BOYU]]+$O$2), IF( MOD(SK[[#This Row],[BOY]],SK[[#This Row],[KESİLECEK PARÇA BOYU]])-$O$2*INT(SK[[#This Row],[BOY]]/SK[[#This Row],[KESİLECEK PARÇA BOYU]])>$P$2, (MOD(SK[[#This Row],[BOY]],SK[[#This Row],[KESİLECEK PARÇA BOYU]])-$O$2*INT(SK[[#This Row],[BOY]]/SK[[#This Row],[KESİLECEK PARÇA BOYU]]))*SK[[#This Row],[GEREKLİ ADET]], 0 ) ) + IF(SK[[#This Row],[GEREKLİ ADET]]>1, IF( INT((SK[[#This Row],[BOY]]+$O$2)/(SK[[#This Row],[KESİLECEK PARÇA BOYU]]+$O$2))=0, 0, IF( (SK[[#This Row],[BOY]]-MOD(SK[[#This Row],[KESİLECEK PARÇA ADEDİ ]], INT((SK[[#This Row],[BOY]]+$O$2)/(SK[[#This Row],[KESİLECEK PARÇA BOYU]]+$O$2)) )*(SK[[#This Row],[KESİLECEK PARÇA BOYU]]+$O$2))>$P$2, IF( MOD(SK[[#This Row],[KESİLECEK PARÇA ADEDİ ]], INT((SK[[#This Row],[BOY]]+$O$2)/(SK[[#This Row],[KESİLECEK PARÇA BOYU]]+$O$2)))=0, 0, SK[[#This Row],[BOY]]-MOD(SK[[#This Row],[KESİLECEK PARÇA ADEDİ ]], INT((SK[[#This Row],[BOY]]+$O$2)/(SK[[#This Row],[KESİLECEK PARÇA BOYU]]+$O$2)))*(SK[[#This Row],[KESİLECEK PARÇA BOYU]]+$O$2) ), 0 ) ), 0 ), 0) -> 0 | K12: =IFERROR( IF( IF( MOD(SK[[#This Row],[BOY]],SK[[#This Row],[KESİLECEK PARÇA BOYU]])-$O$2*INT(SK[[#This Row],[BOY]]/SK[[#This Row],[KESİLECEK PARÇA BOYU]])>$P$2, (MOD(SK[[#This Row],[BOY]],SK[[#This Row],[KESİLECEK PARÇA BOYU]])-$O$2*INT(SK[[#This Row],[BOY]]/SK[[#This Row],[KESİLECEK PARÇA BOYU]])), 0 )>0,IF( MOD(SK[[#This Row],[BOY]],SK[[#This Row],[KESİLECEK PARÇA BOYU]])-$O$2*INT(SK[[#This Row],[BOY]]/SK[[#This Row],[KESİLECEK PARÇA BOYU]])>$P$2, (MOD(SK[[#This Row],[BOY]],SK[[#This Row],[KESİLECEK PARÇA BOYU]])-$O$2*INT(SK[[#This Row],[BOY]]/SK[[#This Row],[KESİLECEK PARÇA BOYU]])), 0 ),0),0) -> 0 | L12: =IFERROR(IF(SK[[#This Row],[BOY]]-(SK[[#This Row],[KESİLECEK PARÇA BOYU]]+$O$2)*MOD(SK[[#This Row],[KESİLECEK PARÇA ADEDİ ]],INT(SK[[#This Row],[BOY]]/(SK[[#This Row],[KESİLECEK PARÇA BOYU]]+$O$2)))<SK[[#This Row],[BOY]],SK[[#This Row],[BOY]]-(SK[[#This Row],[KESİLECEK PARÇA BOYU]]+$O$2)*MOD(SK[[#This Row],[KESİLECEK PARÇA ADEDİ ]],INT(SK[[#This Row],[BOY]]/(SK[[#This Row],[KESİLECEK PARÇA BOYU]]+$O$2))),0),0) -> 0
H13: =IFERROR(IF( SK[[#This Row],[KESİLECEK PARÇA ADEDİ ]]*SK[[#This Row],[KESİLECEK PARÇA BOYU]] < SK[[#This Row],[BOY]] - 3*ROUNDUP(SK[[#This Row],[BOY]]/SK[[#This Row],[KESİLECEK PARÇA BOYU]] - 1, 0), 1, ROUNDUP(SK[[#This Row],[KESİLECEK PARÇA ADEDİ ]]/INT(SK[[#This Row],[BOY]]/(SK[[#This Row],[KESİLECEK PARÇA BOYU]]+$O$2)), 0) ),0) -> 0 | J13: =IFERROR( IF(SK[[#This Row],[GEREKLİ ADET]]=1, SK[[#This Row],[BOY]]-SK[[#This Row],[KESİLECEK PARÇA ADEDİ ]]*(SK[[#This Row],[KESİLECEK PARÇA BOYU]]+$O$2), IF( MOD(SK[[#This Row],[BOY]],SK[[#This Row],[KESİLECEK PARÇA BOYU]])-$O$2*INT(SK[[#This Row],[BOY]]/SK[[#This Row],[KESİLECEK PARÇA BOYU]])>$P$2, (MOD(SK[[#This Row],[BOY]],SK[[#This Row],[KESİLECEK PARÇA BOYU]])-$O$2*INT(SK[[#This Row],[BOY]]/SK[[#This Row],[KESİLECEK PARÇA BOYU]]))*SK[[#This Row],[GEREKLİ ADET]], 0 ) ) + IF(SK[[#This Row],[GEREKLİ ADET]]>1, IF( INT((SK[[#This Row],[BOY]]+$O$2)/(SK[[#This Row],[KESİLECEK PARÇA BOYU]]+$O$2))=0, 0, IF( (SK[[#This Row],[BOY]]-MOD(SK[[#This Row],[KESİLECEK PARÇA ADEDİ ]], INT((SK[[#This Row],[BOY]]+$O$2)/(SK[[#This Row],[KESİLECEK PARÇA BOYU]]+$O$2)) )*(SK[[#This Row],[KESİLECEK PARÇA BOYU]]+$O$2))>$P$2, IF( MOD(SK[[#This Row],[KESİLECEK PARÇA ADEDİ ]], INT((SK[[#This Row],[BOY]]+$O$2)/(SK[[#This Row],[KESİLECEK PARÇA BOYU]]+$O$2)))=0, 0, SK[[#This Row],[BOY]]-MOD(SK[[#This Row],[KESİLECEK PARÇA ADEDİ ]], INT((SK[[#This Row],[BOY]]+$O$2)/(SK[[#This Row],[KESİLECEK PARÇA BOYU]]+$O$2)))*(SK[[#This Row],[KESİLECEK PARÇA BOYU]]+$O$2) ), 0 ) ), 0 ), 0) -> 0 | K13: =IFERROR( IF( IF( MOD(SK[[#This Row],[BOY]],SK[[#This Row],[KESİLECEK PARÇA BOYU]])-$O$2*INT(SK[[#This Row],[BOY]]/SK[[#This Row],[KESİLECEK PARÇA BOYU]])>$P$2, (MOD(SK[[#This Row],[BOY]],SK[[#This Row],[KESİLECEK PARÇA BOYU]])-$O$2*INT(SK[[#This Row],[BOY]]/SK[[#This Row],[KESİLECEK PARÇA BOYU]])), 0 )>0,IF( MOD(SK[[#This Row],[BOY]],SK[[#This Row],[KESİLECEK PARÇA BOYU]])-$O$2*INT(SK[[#This Row],[BOY]]/SK[[#This Row],[KESİLECEK PARÇA BOYU]])>$P$2, (MOD(SK[[#This Row],[BOY]],SK[[#This Row],[KESİLECEK PARÇA BOYU]])-$O$2*INT(SK[[#This Row],[BOY]]/SK[[#This Row],[KESİLECEK PARÇA BOYU]])), 0 ),0),0) -> 0 | L13: =IFERROR(IF(SK[[#This Row],[BOY]]-(SK[[#This Row],[KESİLECEK PARÇA BOYU]]+$O$2)*MOD(SK[[#This Row],[KESİLECEK PARÇA ADEDİ ]],INT(SK[[#This Row],[BOY]]/(SK[[#This Row],[KESİLECEK PARÇA BOYU]]+$O$2)))<SK[[#This Row],[BOY]],SK[[#This Row],[BOY]]-(SK[[#This Row],[KESİLECEK PARÇA BOYU]]+$O$2)*MOD(SK[[#This Row],[KESİLECEK PARÇA ADEDİ ]],INT(SK[[#This Row],[BOY]]/(SK[[#This Row],[KESİLECEK PARÇA BOYU]]+$O$2))),0),0) -> 0
H14: =IFERROR(IF( SK[[#This Row],[KESİLECEK PARÇA ADEDİ ]]*SK[[#This Row],[KESİLECEK PARÇA BOYU]] < SK[[#This Row],[BOY]] - 3*ROUNDUP(SK[[#This Row],[BOY]]/SK[[#This Row],[KESİLECEK PARÇA BOYU]] - 1, 0), 1, ROUNDUP(SK[[#This Row],[KESİLECEK PARÇA ADEDİ ]]/INT(SK[[#This Row],[BOY]]/(SK[[#This Row],[KESİLECEK PARÇA BOYU]]+$O$2)), 0) ),0) -> 0 | J14: =IFERROR( IF(SK[[#This Row],[GEREKLİ ADET]]=1, SK[[#This Row],[BOY]]-SK[[#This Row],[KESİLECEK PARÇA ADEDİ ]]*(SK[[#This Row],[KESİLECEK PARÇA BOYU]]+$O$2), IF( MOD(SK[[#This Row],[BOY]],SK[[#This Row],[KESİLECEK PARÇA BOYU]])-$O$2*INT(SK[[#This Row],[BOY]]/SK[[#This Row],[KESİLECEK PARÇA BOYU]])>$P$2, (MOD(SK[[#This Row],[BOY]],SK[[#This Row],[KESİLECEK PARÇA BOYU]])-$O$2*INT(SK[[#This Row],[BOY]]/SK[[#This Row],[KESİLECEK PARÇA BOYU]]))*SK[[#This Row],[GEREKLİ ADET]], 0 ) ) + IF(SK[[#This Row],[GEREKLİ ADET]]>1, IF( INT((SK[[#This Row],[BOY]]+$O$2)/(SK[[#This Row],[KESİLECEK PARÇA BOYU]]+$O$2))=0, 0, IF( (SK[[#This Row],[BOY]]-MOD(SK[[#This Row],[KESİLECEK PARÇA ADEDİ ]], INT((SK[[#This Row],[BOY]]+$O$2)/(SK[[#This Row],[KESİLECEK PARÇA BOYU]]+$O$2)) )*(SK[[#This Row],[KESİLECEK PARÇA BOYU]]+$O$2))>$P$2, IF( MOD(SK[[#This Row],[KESİLECEK PARÇA ADEDİ ]], INT((SK[[#This Row],[BOY]]+$O$2)/(SK[[#This Row],[KESİLECEK PARÇA BOYU]]+$O$2)))=0, 0, SK[[#This Row],[BOY]]-MOD(SK[[#This Row],[KESİLECEK PARÇA ADEDİ ]], INT((SK[[#This Row],[BOY]]+$O$2)/(SK[[#This Row],[KESİLECEK PARÇA BOYU]]+$O$2)))*(SK[[#This Row],[KESİLECEK PARÇA BOYU]]+$O$2) ), 0 ) ), 0 ), 0) -> 0 | K14: =IFERROR( IF( IF( MOD(SK[[#This Row],[BOY]],SK[[#This Row],[KESİLECEK PARÇA BOYU]])-$O$2*INT(SK[[#This Row],[BOY]]/SK[[#This Row],[KESİLECEK PARÇA BOYU]])>$P$2, (MOD(SK[[#This Row],[BOY]],SK[[#This Row],[KESİLECEK PARÇA BOYU]])-$O$2*INT(SK[[#This Row],[BOY]]/SK[[#This Row],[KESİLECEK PARÇA BOYU]])), 0 )>0,IF( MOD(SK[[#This Row],[BOY]],SK[[#This Row],[KESİLECEK PARÇA BOYU]])-$O$2*INT(SK[[#This Row],[BOY]]/SK[[#This Row],[KESİLECEK PARÇA BOYU]])>$P$2, (MOD(SK[[#This Row],[BOY]],SK[[#This Row],[KESİLECEK PARÇA BOYU]])-$O$2*INT(SK[[#This Row],[BOY]]/SK[[#This Row],[KESİLECEK PARÇA BOYU]])), 0 ),0),0) -> 0 | L14: =IFERROR(IF(SK[[#This Row],[BOY]]-(SK[[#This Row],[KESİLECEK PARÇA BOYU]]+$O$2)*MOD(SK[[#This Row],[KESİLECEK PARÇA ADEDİ ]],INT(SK[[#This Row],[BOY]]/(SK[[#This Row],[KESİLECEK PARÇA BOYU]]+$O$2)))<SK[[#This Row],[BOY]],SK[[#This Row],[BOY]]-(SK[[#This Row],[KESİLECEK PARÇA BOYU]]+$O$2)*MOD(SK[[#This Row],[KESİLECEK PARÇA ADEDİ ]],INT(SK[[#This Row],[BOY]]/(SK[[#This Row],[KESİLECEK PARÇA BOYU]]+$O$2))),0),0) -> 0
H15: =IFERROR(IF( SK[[#This Row],[KESİLECEK PARÇA ADEDİ ]]*SK[[#This Row],[KESİLECEK PARÇA BOYU]] < SK[[#This Row],[BOY]] - 3*ROUNDUP(SK[[#This Row],[BOY]]/SK[[#This Row],[KESİLECEK PARÇA BOYU]] - 1, 0), 1, ROUNDUP(SK[[#This Row],[KESİLECEK PARÇA ADEDİ ]]/INT(SK[[#This Row],[BOY]]/(SK[[#This Row],[KESİLECEK PARÇA BOYU]]+$O$2)), 0) ),0) -> 0 | I15: 12000 | J15: =IFERROR( IF(SK[[#This Row],[GEREKLİ ADET]]=1, SK[[#This Row],[BOY]]-SK[[#This Row],[KESİLECEK PARÇA ADEDİ ]]*(SK[[#This Row],[KESİLECEK PARÇA BOYU]]+$O$2), IF( MOD(SK[[#This Row],[BOY]],SK[[#This Row],[KESİLECEK PARÇA BOYU]])-$O$2*INT(SK[[#This Row],[BOY]]/SK[[#This Row],[KESİLECEK PARÇA BOYU]])>$P$2, (MOD(SK[[#This Row],[BOY]],SK[[#This Row],[KESİLECEK PARÇA BOYU]])-$O$2*INT(SK[[#This Row],[BOY]]/SK[[#This Row],[KESİLECEK PARÇA BOYU]]))*SK[[#This Row],[GEREKLİ ADET]], 0 ) ) + IF(SK[[#This Row],[GEREKLİ ADET]]>1, IF( INT((SK[[#This Row],[BOY]]+$O$2)/(SK[[#This Row],[KESİLECEK PARÇA BOYU]]+$O$2))=0, 0, IF( (SK[[#This Row],[BOY]]-MOD(SK[[#This Row],[KESİLECEK PARÇA ADEDİ ]], INT((SK[[#This Row],[BOY]]+$O$2)/(SK[[#This Row],[KESİLECEK PARÇA BOYU]]+$O$2)) )*(SK[[#This Row],[KESİLECEK PARÇA BOYU]]+$O$2))>$P$2, IF( MOD(SK[[#This Row],[KESİLECEK PARÇA ADEDİ ]], INT((SK[[#This Row],[BOY]]+$O$2)/(SK[[#This Row],[KESİLECEK PARÇA BOYU]]+$O$2)))=0, 0, SK[[#This Row],[BOY]]-MOD(SK[[#This Row],[KESİLECEK PARÇA ADEDİ ]], INT((SK[[#This Row],[BOY]]+$O$2)/(SK[[#This Row],[KESİLECEK PARÇA BOYU]]+$O$2)))*(SK[[#This Row],[KESİLECEK PARÇA BOYU]]+$O$2) ), 0 ) ), 0 ), 0) -> 0 | K15: =IFERROR( IF( IF( MOD(SK[[#This Row],[BOY]],SK[[#This Row],[KESİLECEK PARÇA BOYU]])-$O$2*INT(SK[[#This Row],[BOY]]/SK[[#This Row],[KESİLECEK PARÇA BOYU]])>$P$2, (MOD(SK[[#This Row],[BOY]],SK[[#This Row],[KESİLECEK PARÇA BOYU]])-$O$2*INT(SK[[#This Row],[BOY]]/SK[[#This Row],[KESİLECEK PARÇA BOYU]])), 0 )>0,IF( MOD(SK[[#This Row],[BOY]],SK[[#This Row],[KESİLECEK PARÇA BOYU]])-$O$2*INT(SK[[#This Row],[BOY]]/SK[[#This Row],[KESİLECEK PARÇA BOYU]])>$P$2, (MOD(SK[[#This Row],[BOY]],SK[[#This Row],[KESİLECEK PARÇA BOYU]])-$O$2*INT(SK[[#This Row],[BOY]]/SK[[#This Row],[KESİLECEK PARÇA BOYU]])), 0 ),0),0) -> 0 | L15: =IFERROR(IF(SK[[#This Row],[BOY]]-(SK[[#This Row],[KESİLECEK PARÇA BOYU]]+$O$2)*MOD(SK[[#This Row],[KESİLECEK PARÇA ADEDİ ]],INT(SK[[#This Row],[BOY]]/(SK[[#This Row],[KESİLECEK PARÇA BOYU]]+$O$2)))<SK[[#This Row],[BOY]],SK[[#This Row],[BOY]]-(SK[[#This Row],[KESİLECEK PARÇA BOYU]]+$O$2)*MOD(SK[[#This Row],[KESİLECEK PARÇA ADEDİ ]],INT(SK[[#This Row],[BOY]]/(SK[[#This Row],[KESİLECEK PARÇA BOYU]]+$O$2))),0),0) -> 0
H16: =IFERROR(IF( SK[[#This Row],[KESİLECEK PARÇA ADEDİ ]]*SK[[#This Row],[KESİLECEK PARÇA BOYU]] < SK[[#This Row],[BOY]] - 3*ROUNDUP(SK[[#This Row],[BOY]]/SK[[#This Row],[KESİLECEK PARÇA BOYU]] - 1, 0), 1, ROUNDUP(SK[[#This Row],[KESİLECEK PARÇA ADEDİ ]]/INT(SK[[#This Row],[BOY]]/(SK[[#This Row],[KESİLECEK PARÇA BOYU]]+$O$2)), 0) ),0) -> 0 | J16: =IFERROR( IF(SK[[#This Row],[GEREKLİ ADET]]=1, SK[[#This Row],[BOY]]-SK[[#This Row],[KESİLECEK PARÇA ADEDİ ]]*(SK[[#This Row],[KESİLECEK PARÇA BOYU]]+$O$2), IF( MOD(SK[[#This Row],[BOY]],SK[[#This Row],[KESİLECEK PARÇA BOYU]])-$O$2*INT(SK[[#This Row],[BOY]]/SK[[#This Row],[KESİLECEK PARÇA BOYU]])>$P$2, (MOD(SK[[#This Row],[BOY]],SK[[#This Row],[KESİLECEK PARÇA BOYU]])-$O$2*INT(SK[[#This Row],[BOY]]/SK[[#This Row],[KESİLECEK PARÇA BOYU]]))*SK[[#This Row],[GEREKLİ ADET]], 0 ) ) + IF(SK[[#This Row],[GEREKLİ ADET]]>1, IF( INT((SK[[#This Row],[BOY]]+$O$2)/(SK[[#This Row],[KESİLECEK PARÇA BOYU]]+$O$2))=0, 0, IF( (SK[[#This Row],[BOY]]-MOD(SK[[#This Row],[KESİLECEK PARÇA ADEDİ ]], INT((SK[[#This Row],[BOY]]+$O$2)/(SK[[#This Row],[KESİLECEK PARÇA BOYU]]+$O$2)) )*(SK[[#This Row],[KESİLECEK PARÇA BOYU]]+$O$2))>$P$2, IF( MOD(SK[[#This Row],[KESİLECEK PARÇA ADEDİ ]], INT((SK[[#This Row],[BOY]]+$O$2)/(SK[[#This Row],[KESİLECEK PARÇA BOYU]]+$O$2)))=0, 0, SK[[#This Row],[BOY]]-MOD(SK[[#This Row],[KESİLECEK PARÇA ADEDİ ]], INT((SK[[#This Row],[BOY]]+$O$2)/(SK[[#This Row],[KESİLECEK PARÇA BOYU]]+$O$2)))*(SK[[#This Row],[KESİLECEK PARÇA BOYU]]+$O$2) ), 0 ) ), 0 ), 0) -> 0 | K16: =IFERROR( IF( IF( MOD(SK[[#This Row],[BOY]],SK[[#This Row],[KESİLECEK PARÇA BOYU]])-$O$2*INT(SK[[#This Row],[BOY]]/SK[[#This Row],[KESİLECEK PARÇA BOYU]])>$P$2, (MOD(SK[[#This Row],[BOY]],SK[[#This Row],[KESİLECEK PARÇA BOYU]])-$O$2*INT(SK[[#This Row],[BOY]]/SK[[#This Row],[KESİLECEK PARÇA BOYU]])), 0 )>0,IF( MOD(SK[[#This Row],[BOY]],SK[[#This Row],[KESİLECEK PARÇA BOYU]])-$O$2*INT(SK[[#This Row],[BOY]]/SK[[#This Row],[KESİLECEK PARÇA BOYU]])>$P$2, (MOD(SK[[#This Row],[BOY]],SK[[#This Row],[KESİLECEK PARÇA BOYU]])-$O$2*INT(SK[[#This Row],[BOY]]/SK[[#This Row],[KESİLECEK PARÇA BOYU]])), 0 ),0),0) -> 0 | L16: =IFERROR(IF(SK[[#This Row],[BOY]]-(SK[[#This Row],[KESİLECEK PARÇA BOYU]]+$O$2)*MOD(SK[[#This Row],[KESİLECEK PARÇA ADEDİ ]],INT(SK[[#This Row],[BOY]]/(SK[[#This Row],[KESİLECEK PARÇA BOYU]]+$O$2)))<SK[[#This Row],[BOY]],SK[[#This Row],[BOY]]-(SK[[#This Row],[KESİLECEK PARÇA BOYU]]+$O$2)*MOD(SK[[#This Row],[KESİLECEK PARÇA ADEDİ ]],INT(SK[[#This Row],[BOY]]/(SK[[#This Row],[KESİLECEK PARÇA BOYU]]+$O$2))),0),0) -> 0
A17: 45895 | B17: 225 | C17: KUTU PROFİL | D17: RHS 100X50X3 | E17: S235JR | F17: 4 | G17: 4815 | H17: =IFERROR(IF( SK[[#This Row],[KESİLECEK PARÇA ADEDİ ]]*SK[[#This Row],[KESİLECEK PARÇA BOYU]] < SK[[#This Row],[BOY]] - 3*ROUNDUP(SK[[#This Row],[BOY]]/SK[[#This Row],[KESİLECEK PARÇA BOYU]] - 1, 0), 1, ROUNDUP(SK[[#This Row],[KESİLECEK PARÇA ADEDİ ]]/INT(SK[[#This Row],[BOY]]/(SK[[#This Row],[KESİLECEK PARÇA BOYU]]+$O$2)), 0) ),0) -> 2 | I17: 12000 | J17: =IFERROR( IF(SK[[#This Row],[GEREKLİ ADET]]=1, SK[[#This Row],[BOY]]-SK[[#This Row],[KESİLECEK PARÇA ADEDİ ]]*(SK[[#This Row],[KESİLECEK PARÇA BOYU]]+$O$2), IF( MOD(SK[[#This Row],[BOY]],SK[[#This Row],[KESİLECEK PARÇA BOYU]])-$O$2*INT(SK[[#This Row],[BOY]]/SK[[#This Row],[KESİLECEK PARÇA BOYU]])>$P$2, (MOD(SK[[#This Row],[BOY]],SK[[#This Row],[KESİLECEK PARÇA BOYU]])-$O$2*INT(SK[[#This Row],[BOY]]/SK[[#This Row],[KESİLECEK PARÇA BOYU]]))*SK[[#This Row],[GEREKLİ ADET]], 0 ) ) + IF(SK[[#This Row],[GEREKLİ ADET]]>1, IF( INT((SK[[#This Row],[BOY]]+$O$2)/(SK[[#This Row],[KESİLECEK PARÇA BOYU]]+$O$2))=0, 0, IF( (SK[[#This Row],[BOY]]-MOD(SK[[#This Row],[KESİLECEK PARÇA ADEDİ ]], INT((SK[[#This Row],[BOY]]+$O$2)/(SK[[#This Row],[KESİLECEK PARÇA BOYU]]+$O$2)) )*(SK[[#This Row],[KESİLECEK PARÇA BOYU]]+$O$2))>$P$2, IF( MOD(SK[[#This Row],[KESİLECEK PARÇA ADEDİ ]], INT((SK[[#This Row],[BOY]]+$O$2)/(SK[[#This Row],[KESİLECEK PARÇA BOYU]]+$O$2)))=0, 0, SK[[#This Row],[BOY]]-MOD(SK[[#This Row],[KESİLECEK PARÇA ADEDİ ]], INT((SK[[#This Row],[BOY]]+$O$2)/(SK[[#This Row],[KESİLECEK PARÇA BOYU]]+$O$2)))*(SK[[#This Row],[KESİLECEK PARÇA BOYU]]+$O$2) ), 0 ) ), 0 ), 0) -> 4728 | K17: =IFERROR( IF( IF( MOD(SK[[#This Row],[BOY]],SK[[#This Row],[KESİLECEK PARÇA BOYU]])-$O$2*INT(SK[[#This Row],[BOY]]/SK[[#This Row],[KESİLECEK PARÇA BOYU]])>$P$2, (MOD(SK[[#This Row],[BOY]],SK[[#This Row],[KESİLECEK PARÇA BOYU]])-$O$2*INT(SK[[#This Row],[BOY]]/SK[[#This Row],[KESİLECEK PARÇA BOYU]])), 0 )>0,IF( MOD(SK[[#This Row],[BOY]],SK[[#This Row],[KESİLECEK PARÇA BOYU]])-$O$2*INT(SK[[#This Row],[BOY]]/SK[[#This Row],[KESİLECEK PARÇA BOYU]])>$P$2, (MOD(SK[[#This Row],[BOY]],SK[[#This Row],[KESİLECEK PARÇA BOYU]])-$O$2*INT(SK[[#This Row],[BOY]]/SK[[#This Row],[KESİLECEK PARÇA BOYU]])), 0 ),0),0) -> 2364 | L17: =IFERROR(IF(SK[[#This Row],[BOY]]-(SK[[#This Row],[KESİLECEK PARÇA BOYU]]+$O$2)*MOD(SK[[#This Row],[KESİLECEK PARÇA ADEDİ ]],INT(SK[[#This Row],[BOY]]/(SK[[#This Row],[KESİLECEK PARÇA BOYU]]+$O$2)))<SK[[#This Row],[BOY]],SK[[#This Row],[BOY]]-(SK[[#This Row],[KESİLECEK PARÇA BOYU]]+$O$2)*MOD(SK[[#This Row],[KESİLECEK PARÇA ADEDİ ]],INT(SK[[#This Row],[BOY]]/(SK[[#This Row],[KESİLECEK PARÇA BOYU]]+$O$2))),0),0) -> 0
H18: =IFERROR(IF( SK[[#This Row],[KESİLECEK PARÇA ADEDİ ]]*SK[[#This Row],[KESİLECEK PARÇA BOYU]] < SK[[#This Row],[BOY]] - 3*ROUNDUP(SK[[#This Row],[BOY]]/SK[[#This Row],[KESİLECEK PARÇA BOYU]] - 1, 0), 1, ROUNDUP(SK[[#This Row],[KESİLECEK PARÇA ADEDİ ]]/INT(SK[[#This Row],[BOY]]/(SK[[#This Row],[KESİLECEK PARÇA BOYU]]+$O$2)), 0) ),0) -> 0 | J18: =IFERROR( IF(SK[[#This Row],[GEREKLİ ADET]]=1, SK[[#This Row],[BOY]]-SK[[#This Row],[KESİLECEK PARÇA ADEDİ ]]*(SK[[#This Row],[KESİLECEK PARÇA BOYU]]+$O$2), IF( MOD(SK[[#This Row],[BOY]],SK[[#This Row],[KESİLECEK PARÇA BOYU]])-$O$2*INT(SK[[#This Row],[BOY]]/SK[[#This Row],[KESİLECEK PARÇA BOYU]])>$P$2, (MOD(SK[[#This Row],[BOY]],SK[[#This Row],[KESİLECEK PARÇA BOYU]])-$O$2*INT(SK[[#This Row],[BOY]]/SK[[#This Row],[KESİLECEK PARÇA BOYU]]))*SK[[#This Row],[GEREKLİ ADET]], 0 ) ) + IF(SK[[#This Row],[GEREKLİ ADET]]>1, IF( INT((SK[[#This Row],[BOY]]+$O$2)/(SK[[#This Row],[KESİLECEK PARÇA BOYU]]+$O$2))=0, 0, IF( (SK[[#This Row],[BOY]]-MOD(SK[[#This Row],[KESİLECEK PARÇA ADEDİ ]], INT((SK[[#This Row],[BOY]]+$O$2)/(SK[[#This Row],[KESİLECEK PARÇA BOYU]]+$O$2)) )*(SK[[#This Row],[KESİLECEK PARÇA BOYU]]+$O$2))>$P$2, IF( MOD(SK[[#This Row],[KESİLECEK PARÇA ADEDİ ]], INT((SK[[#This Row],[BOY]]+$O$2)/(SK[[#This Row],[KESİLECEK PARÇA BOYU]]+$O$2)))=0, 0, SK[[#This Row],[BOY]]-MOD(SK[[#This Row],[KESİLECEK PARÇA ADEDİ ]], INT((SK[[#This Row],[BOY]]+$O$2)/(SK[[#This Row],[KESİLECEK PARÇA BOYU]]+$O$2)))*(SK[[#This Row],[KESİLECEK PARÇA BOYU]]+$O$2) ), 0 ) ), 0 ), 0) -> 0 | K18: =IFERROR( IF( IF( MOD(SK[[#This Row],[BOY]],SK[[#This Row],[KESİLECEK PARÇA BOYU]])-$O$2*INT(SK[[#This Row],[BOY]]/SK[[#This Row],[KESİLECEK PARÇA BOYU]])>$P$2, (MOD(SK[[#This Row],[BOY]],SK[[#This Row],[KESİLECEK PARÇA BOYU]])-$O$2*INT(SK[[#This Row],[BOY]]/SK[[#This Row],[KESİLECEK PARÇA BOYU]])), 0 )>0,IF( MOD(SK[[#This Row],[BOY]],SK[[#This Row],[KESİLECEK PARÇA BOYU]])-$O$2*INT(SK[[#This Row],[BOY]]/SK[[#This Row],[KESİLECEK PARÇA BOYU]])>$P$2, (MOD(SK[[#This Row],[BOY]],SK[[#This Row],[KESİLECEK PARÇA BOYU]])-$O$2*INT(SK[[#This Row],[BOY]]/SK[[#This Row],[KESİLECEK PARÇA BOYU]])), 0 ),0),0) -> 0 | L18: =IFERROR(IF(SK[[#This Row],[BOY]]-(SK[[#This Row],[KESİLECEK PARÇA BOYU]]+$O$2)*MOD(SK[[#This Row],[KESİLECEK PARÇA ADEDİ ]],INT(SK[[#This Row],[BOY]]/(SK[[#This Row],[KESİLECEK PARÇA BOYU]]+$O$2)))<SK[[#This Row],[BOY]],SK[[#This Row],[BOY]]-(SK[[#This Row],[KESİLECEK PARÇA BOYU]]+$O$2)*MOD(SK[[#This Row],[KESİLECEK PARÇA ADEDİ ]],INT(SK[[#This Row],[BOY]]/(SK[[#This Row],[KESİLECEK PARÇA BOYU]]+$O$2))),0),0) -> 0
H19: =IFERROR(IF( SK[[#This Row],[KESİLECEK PARÇA ADEDİ ]]*SK[[#This Row],[KESİLECEK PARÇA BOYU]] < SK[[#This Row],[BOY]] - 3*ROUNDUP(SK[[#This Row],[BOY]]/SK[[#This Row],[KESİLECEK PARÇA BOYU]] - 1, 0), 1, ROUNDUP(SK[[#This Row],[KESİLECEK PARÇA ADEDİ ]]/INT(SK[[#This Row],[BOY]]/(SK[[#This Row],[KESİLECEK PARÇA BOYU]]+$O$2)), 0) ),0) -> 0 | J19: =IFERROR( IF(SK[[#This Row],[GEREKLİ ADET]]=1, SK[[#This Row],[BOY]]-SK[[#This Row],[KESİLECEK PARÇA ADEDİ ]]*(SK[[#This Row],[KESİLECEK PARÇA BOYU]]+$O$2), IF( MOD(SK[[#This Row],[BOY]],SK[[#This Row],[KESİLECEK PARÇA BOYU]])-$O$2*INT(SK[[#This Row],[BOY]]/SK[[#This Row],[KESİLECEK PARÇA BOYU]])>$P$2, (MOD(SK[[#This Row],[BOY]],SK[[#This Row],[KESİLECEK PARÇA BOYU]])-$O$2*INT(SK[[#This Row],[BOY]]/SK[[#This Row],[KESİLECEK PARÇA BOYU]]))*SK[[#This Row],[GEREKLİ ADET]], 0 ) ) + IF(SK[[#This Row],[GEREKLİ ADET]]>1, IF( INT((SK[[#This Row],[BOY]]+$O$2)/(SK[[#This Row],[KESİLECEK PARÇA BOYU]]+$O$2))=0, 0, IF( (SK[[#This Row],[BOY]]-MOD(SK[[#This Row],[KESİLECEK PARÇA ADEDİ ]], INT((SK[[#This Row],[BOY]]+$O$2)/(SK[[#This Row],[KESİLECEK PARÇA BOYU]]+$O$2)) )*(SK[[#This Row],[KESİLECEK PARÇA BOYU]]+$O$2))>$P$2, IF( MOD(SK[[#This Row],[KESİLECEK PARÇA ADEDİ ]], INT((SK[[#This Row],[BOY]]+$O$2)/(SK[[#This Row],[KESİLECEK PARÇA BOYU]]+$O$2)))=0, 0, SK[[#This Row],[BOY]]-MOD(SK[[#This Row],[KESİLECEK PARÇA ADEDİ ]], INT((SK[[#This Row],[BOY]]+$O$2)/(SK[[#This Row],[KESİLECEK PARÇA BOYU]]+$O$2)))*(SK[[#This Row],[KESİLECEK PARÇA BOYU]]+$O$2) ), 0 ) ), 0 ), 0) -> 0 | K19: =IFERROR( IF( IF( MOD(SK[[#This Row],[BOY]],SK[[#This Row],[KESİLECEK PARÇA BOYU]])-$O$2*INT(SK[[#This Row],[BOY]]/SK[[#This Row],[KESİLECEK PARÇA BOYU]])>$P$2, (MOD(SK[[#This Row],[BOY]],SK[[#This Row],[KESİLECEK PARÇA BOYU]])-$O$2*INT(SK[[#This Row],[BOY]]/SK[[#This Row],[KESİLECEK PARÇA BOYU]])), 0 )>0,IF( MOD(SK[[#This Row],[BOY]],SK[[#This Row],[KESİLECEK PARÇA BOYU]])-$O$2*INT(SK[[#This Row],[BOY]]/SK[[#This Row],[KESİLECEK PARÇA BOYU]])>$P$2, (MOD(SK[[#This Row],[BOY]],SK[[#This Row],[KESİLECEK PARÇA BOYU]])-$O$2*INT(SK[[#This Row],[BOY]]/SK[[#This Row],[KESİLECEK PARÇA BOYU]])), 0 ),0),0) -> 0 | L19: =IFERROR(IF(SK[[#This Row],[BOY]]-(SK[[#This Row],[KESİLECEK PARÇA BOYU]]+$O$2)*MOD(SK[[#This Row],[KESİLECEK PARÇA ADEDİ ]],INT(SK[[#This Row],[BOY]]/(SK[[#This Row],[KESİLECEK PARÇA BOYU]]+$O$2)))<SK[[#This Row],[BOY]],SK[[#This Row],[BOY]]-(SK[[#This Row],[KESİLECEK PARÇA BOYU]]+$O$2)*MOD(SK[[#This Row],[KESİLECEK PARÇA ADEDİ ]],INT(SK[[#This Row],[BOY]]/(SK[[#This Row],[KESİLECEK PARÇA BOYU]]+$O$2))),0),0) -> 0
H20: =IFERROR(IF( SK[[#This Row],[KESİLECEK PARÇA ADEDİ ]]*SK[[#This Row],[KESİLECEK PARÇA BOYU]] < SK[[#This Row],[BOY]] - 3*ROUNDUP(SK[[#This Row],[BOY]]/SK[[#This Row],[KESİLECEK PARÇA BOYU]] - 1, 0), 1, ROUNDUP(SK[[#This Row],[KESİLECEK PARÇA ADEDİ ]]/INT(SK[[#This Row],[BOY]]/(SK[[#This Row],[KESİLECEK PARÇA BOYU]]+$O$2)), 0) ),0) -> 0 | I20: 6000 | J20: =IFERROR( IF(SK[[#This Row],[GEREKLİ ADET]]=1, SK[[#This Row],[BOY]]-SK[[#This Row],[KESİLECEK PARÇA ADEDİ ]]*(SK[[#This Row],[KESİLECEK PARÇA BOYU]]+$O$2), IF( MOD(SK[[#This Row],[BOY]],SK[[#This Row],[KESİLECEK PARÇA BOYU]])-$O$2*INT(SK[[#This Row],[BOY]]/SK[[#This Row],[KESİLECEK PARÇA BOYU]])>$P$2, (MOD(SK[[#This Row],[BOY]],SK[[#This Row],[KESİLECEK PARÇA BOYU]])-$O$2*INT(SK[[#This Row],[BOY]]/SK[[#This Row],[KESİLECEK PARÇA BOYU]]))*SK[[#This Row],[GEREKLİ ADET]], 0 ) ) + IF(SK[[#This Row],[GEREKLİ ADET]]>1, IF( INT((SK[[#This Row],[BOY]]+$O$2)/(SK[[#This Row],[KESİLECEK PARÇA BOYU]]+$O$2))=0, 0, IF( (SK[[#This Row],[BOY]]-MOD(SK[[#This Row],[KESİLECEK PARÇA ADEDİ ]], INT((SK[[#This Row],[BOY]]+$O$2)/(SK[[#This Row],[KESİLECEK PARÇA BOYU]]+$O$2)) )*(SK[[#This Row],[KESİLECEK PARÇA BOYU]]+$O$2))>$P$2, IF( MOD(SK[[#This Row],[KESİLECEK PARÇA ADEDİ ]], INT((SK[[#This Row],[BOY]]+$O$2)/(SK[[#This Row],[KESİLECEK PARÇA BOYU]]+$O$2)))=0, 0, SK[[#This Row],[BOY]]-MOD(SK[[#This Row],[KESİLECEK PARÇA ADEDİ ]], INT((SK[[#This Row],[BOY]]+$O$2)/(SK[[#This Row],[KESİLECEK PARÇA BOYU]]+$O$2)))*(SK[[#This Row],[KESİLECEK PARÇA BOYU]]+$O$2) ), 0 ) ), 0 ), 0) -> 0 | K20: =IFERROR( IF( IF( MOD(SK[[#This Row],[BOY]],SK[[#This Row],[KESİLECEK PARÇA BOYU]])-$O$2*INT(SK[[#This Row],[BOY]]/SK[[#This Row],[KESİLECEK PARÇA BOYU]])>$P$2, (MOD(SK[[#This Row],[BOY]],SK[[#This Row],[KESİLECEK PARÇA BOYU]])-$O$2*INT(SK[[#This Row],[BOY]]/SK[[#This Row],[KESİLECEK PARÇA BOYU]])), 0 )>0,IF( MOD(SK[[#This Row],[BOY]],SK[[#This Row],[KESİLECEK PARÇA BOYU]])-$O$2*INT(SK[[#This Row],[BOY]]/SK[[#This Row],[KESİLECEK PARÇA BOYU]])>$P$2, (MOD(SK[[#This Row],[BOY]],SK[[#This Row],[KESİLECEK PARÇA BOYU]])-$O$2*INT(SK[[#This Row],[BOY]]/SK[[#This Row],[KESİLECEK PARÇA BOYU]])), 0 ),0),0) -> 0 | L20: =IFERROR(IF(SK[[#This Row],[BOY]]-(SK[[#This Row],[KESİLECEK PARÇA BOYU]]+$O$2)*MOD(SK[[#This Row],[KESİLECEK PARÇA ADEDİ ]],INT(SK[[#This Row],[BOY]]/(SK[[#This Row],[KESİLECEK PARÇA BOYU]]+$O$2)))<SK[[#This Row],[BOY]],SK[[#This Row],[BOY]]-(SK[[#This Row],[KESİLECEK PARÇA BOYU]]+$O$2)*MOD(SK[[#This Row],[KESİLECEK PARÇA ADEDİ ]],INT(SK[[#This Row],[BOY]]/(SK[[#This Row],[KESİLECEK PARÇA BOYU]]+$O$2))),0),0) -> 0
H21: =IFERROR(IF( SK[[#This Row],[KESİLECEK PARÇA ADEDİ ]]*SK[[#This Row],[KESİLECEK PARÇA BOYU]] < SK[[#This Row],[BOY]] - 3*ROUNDUP(SK[[#This Row],[BOY]]/SK[[#This Row],[KESİLECEK PARÇA BOYU]] - 1, 0), 1, ROUNDUP(SK[[#This Row],[KESİLECEK PARÇA ADEDİ ]]/INT(SK[[#This Row],[BOY]]/(SK[[#This Row],[KESİLECEK PARÇA BOYU]]+$O$2)), 0) ),0) -> 0 | J21: =IFERROR( IF(SK[[#This Row],[GEREKLİ ADET]]=1, SK[[#This Row],[BOY]]-SK[[#This Row],[KESİLECEK PARÇA ADEDİ ]]*(SK[[#This Row],[KESİLECEK PARÇA BOYU]]+$O$2), IF( MOD(SK[[#This Row],[BOY]],SK[[#This Row],[KESİLECEK PARÇA BOYU]])-$O$2*INT(SK[[#This Row],[BOY]]/SK[[#This Row],[KESİLECEK PARÇA BOYU]])>$P$2, (MOD(SK[[#This Row],[BOY]],SK[[#This Row],[KESİLECEK PARÇA BOYU]])-$O$2*INT(SK[[#This Row],[BOY]]/SK[[#This Row],[KESİLECEK PARÇA BOYU]]))*SK[[#This Row],[GEREKLİ ADET]], 0 ) ) + IF(SK[[#This Row],[GEREKLİ ADET]]>1, IF( INT((SK[[#This Row],[BOY]]+$O$2)/(SK[[#This Row],[KESİLECEK PARÇA BOYU]]+$O$2))=0, 0, IF( (SK[[#This Row],[BOY]]-MOD(SK[[#This Row],[KESİLECEK PARÇA ADEDİ ]], INT((SK[[#This Row],[BOY]]+$O$2)/(SK[[#This Row],[KESİLECEK PARÇA BOYU]]+$O$2)) )*(SK[[#This Row],[KESİLECEK PARÇA BOYU]]+$O$2))>$P$2, IF( MOD(SK[[#This Row],[KESİLECEK PARÇA ADEDİ ]], INT((SK[[#This Row],[BOY]]+$O$2)/(SK[[#This Row],[KESİLECEK PARÇA BOYU]]+$O$2)))=0, 0, SK[[#This Row],[BOY]]-MOD(SK[[#This Row],[KESİLECEK PARÇA ADEDİ ]], INT((SK[[#This Row],[BOY]]+$O$2)/(SK[[#This Row],[KESİLECEK PARÇA BOYU]]+$O$2)))*(SK[[#This Row],[KESİLECEK PARÇA BOYU]]+$O$2) ), 0 ) ), 0 ), 0) -> 0 | K21: =IFERROR( IF( IF( MOD(SK[[#This Row],[BOY]],SK[[#This Row],[KESİLECEK PARÇA BOYU]])-$O$2*INT(SK[[#This Row],[BOY]]/SK[[#This Row],[KESİLECEK PARÇA BOYU]])>$P$2, (MOD(SK[[#This Row],[BOY]],SK[[#This Row],[KESİLECEK PARÇA BOYU]])-$O$2*INT(SK[[#This Row],[BOY]]/SK[[#This Row],[KESİLECEK PARÇA BOYU]])), 0 )>0,IF( MOD(SK[[#This Row],[BOY]],SK[[#This Row],[KESİLECEK PARÇA BOYU]])-$O$2*INT(SK[[#This Row],[BOY]]/SK[[#This Row],[KESİLECEK PARÇA BOYU]])>$P$2, (MOD(SK[[#This Row],[BOY]],SK[[#This Row],[KESİLECEK PARÇA BOYU]])-$O$2*INT(SK[[#This Row],[BOY]]/SK[[#This Row],[KESİLECEK PARÇA BOYU]])), 0 ),0),0) -> 0 | L21: =IFERROR(IF(SK[[#This Row],[BOY]]-(SK[[#This Row],[KESİLECEK PARÇA BOYU]]+$O$2)*MOD(SK[[#This Row],[KESİLECEK PARÇA ADEDİ ]],INT(SK[[#This Row],[BOY]]/(SK[[#This Row],[KESİLECEK PARÇA BOYU]]+$O$2)))<SK[[#This Row],[BOY]],SK[[#This Row],[BOY]]-(SK[[#This Row],[KESİLECEK PARÇA BOYU]]+$O$2)*MOD(SK[[#This Row],[KESİLECEK PARÇA ADEDİ ]],INT(SK[[#This Row],[BOY]]/(SK[[#This Row],[KESİLECEK PARÇA BOYU]]+$O$2))),0),0) -> 0
H22: =IFERROR(IF( SK[[#This Row],[KESİLECEK PARÇA ADEDİ ]]*SK[[#This Row],[KESİLECEK PARÇA BOYU]] < SK[[#This Row],[BOY]] - 3*ROUNDUP(SK[[#This Row],[BOY]]/SK[[#This Row],[KESİLECEK PARÇA BOYU]] - 1, 0), 1, ROUNDUP(SK[[#This Row],[KESİLECEK PARÇA ADEDİ ]]/INT(SK[[#This Row],[BOY]]/(SK[[#This Row],[KESİLECEK PARÇA BOYU]]+$O$2)), 0) ),0) -> 0 | I22: 12000 | J22: =IFERROR( IF(SK[[#This Row],[GEREKLİ ADET]]=1, SK[[#This Row],[BOY]]-SK[[#This Row],[KESİLECEK PARÇA ADEDİ ]]*(SK[[#This Row],[KESİLECEK PARÇA BOYU]]+$O$2), IF( MOD(SK[[#This Row],[BOY]],SK[[#This Row],[KESİLECEK PARÇA BOYU]])-$O$2*INT(SK[[#This Row],[BOY]]/SK[[#This Row],[KESİLECEK PARÇA BOYU]])>$P$2, (MOD(SK[[#This Row],[BOY]],SK[[#This Row],[KESİLECEK PARÇA BOYU]])-$O$2*INT(SK[[#This Row],[BOY]]/SK[[#This Row],[KESİLECEK PARÇA BOYU]]))*SK[[#This Row],[GEREKLİ ADET]], 0 ) ) + IF(SK[[#This Row],[GEREKLİ ADET]]>1, IF( INT((SK[[#This Row],[BOY]]+$O$2)/(SK[[#This Row],[KESİLECEK PARÇA BOYU]]+$O$2))=0, 0, IF( (SK[[#This Row],[BOY]]-MOD(SK[[#This Row],[KESİLECEK PARÇA ADEDİ ]], INT((SK[[#This Row],[BOY]]+$O$2)/(SK[[#This Row],[KESİLECEK PARÇA BOYU]]+$O$2)) )*(SK[[#This Row],[KESİLECEK PARÇA BOYU]]+$O$2))>$P$2, IF( MOD(SK[[#This Row],[KESİLECEK PARÇA ADEDİ ]], INT((SK[[#This Row],[BOY]]+$O$2)/(SK[[#This Row],[KESİLECEK PARÇA BOYU]]+$O$2)))=0, 0, SK[[#This Row],[BOY]]-MOD(SK[[#This Row],[KESİLECEK PARÇA ADEDİ ]], INT((SK[[#This Row],[BOY]]+$O$2)/(SK[[#This Row],[KESİLECEK PARÇA BOYU]]+$O$2)))*(SK[[#This Row],[KESİLECEK PARÇA BOYU]]+$O$2) ), 0 ) ), 0 ), 0) -> 0 | K22: =IFERROR( IF( IF( MOD(SK[[#This Row],[BOY]],SK[[#This Row],[KESİLECEK PARÇA BOYU]])-$O$2*INT(SK[[#This Row],[BOY]]/SK[[#This Row],[KESİLECEK PARÇA BOYU]])>$P$2, (MOD(SK[[#This Row],[BOY]],SK[[#This Row],[KESİLECEK PARÇA BOYU]])-$O$2*INT(SK[[#This Row],[BOY]]/SK[[#This Row],[KESİLECEK PARÇA BOYU]])), 0 )>0,IF( MOD(SK[[#This Row],[BOY]],SK[[#This Row],[KESİLECEK PARÇA BOYU]])-$O$2*INT(SK[[#This Row],[BOY]]/SK[[#This Row],[KESİLECEK PARÇA BOYU]])>$P$2, (MOD(SK[[#This Row],[BOY]],SK[[#This Row],[KESİLECEK PARÇA BOYU]])-$O$2*INT(SK[[#This Row],[BOY]]/SK[[#This Row],[KESİLECEK PARÇA BOYU]])), 0 ),0),0) -> 0 | L22: =IFERROR(IF(SK[[#This Row],[BOY]]-(SK[[#This Row],[KESİLECEK PARÇA BOYU]]+$O$2)*MOD(SK[[#This Row],[KESİLECEK PARÇA ADEDİ ]],INT(SK[[#This Row],[BOY]]/(SK[[#This Row],[KESİLECEK PARÇA BOYU]]+$O$2)))<SK[[#This Row],[BOY]],SK[[#This Row],[BOY]]-(SK[[#This Row],[KESİLECEK PARÇA BOYU]]+$O$2)*MOD(SK[[#This Row],[KESİLECEK PARÇA ADEDİ ]],INT(SK[[#This Row],[BOY]]/(SK[[#This Row],[KESİLECEK PARÇA BOYU]]+$O$2))),0),0) -> 0
A23: 45895 | B23: 318 | C23: BORU PROFİL | D23: CHS 76,3X4 | E23: S355J2 | F23: 2 | G23: 2998 | H23: =IFERROR(IF( SK[[#This Row],[KESİLECEK PARÇA ADEDİ ]]*SK[[#This Row],[KESİLECEK PARÇA BOYU]] < SK[[#This Row],[BOY]] - 3*ROUNDUP(SK[[#This Row],[BOY]]/SK[[#This Row],[KESİLECEK PARÇA BOYU]] - 1, 0), 1, ROUNDUP(SK[[#This Row],[KESİLECEK PARÇA ADEDİ ]]/INT(SK[[#This Row],[BOY]]/(SK[[#This Row],[KESİLECEK PARÇA BOYU]]+$O$2)), 0) ),0) -> 2 | I23: 6000 | J23: =IFERROR( IF(SK[[#This Row],[GEREKLİ ADET]]=1, SK[[#This Row],[BOY]]-SK[[#This Row],[KESİLECEK PARÇA ADEDİ ]]*(SK[[#This Row],[KESİLECEK PARÇA BOYU]]+$O$2), IF( MOD(SK[[#This Row],[BOY]],SK[[#This Row],[KESİLECEK PARÇA BOYU]])-$O$2*INT(SK[[#This Row],[BOY]]/SK[[#This Row],[KESİLECEK PARÇA BOYU]])>$P$2, (MOD(SK[[#This Row],[BOY]],SK[[#This Row],[KESİLECEK PARÇA BOYU]])-$O$2*INT(SK[[#This Row],[BOY]]/SK[[#This Row],[KESİLECEK PARÇA BOYU]]))*SK[[#This Row],[GEREKLİ ADET]], 0 ) ) + IF(SK[[#This Row],[GEREKLİ ADET]]>1, IF( INT((SK[[#This Row],[BOY]]+$O$2)/(SK[[#This Row],[KESİLECEK PARÇA BOYU]]+$O$2))=0, 0, IF( (SK[[#This Row],[BOY]]-MOD(SK[[#This Row],[KESİLECEK PARÇA ADEDİ ]], INT((SK[[#This Row],[BOY]]+$O$2)/(SK[[#This Row],[KESİLECEK PARÇA BOYU]]+$O$2)) )*(SK[[#This Row],[KESİLECEK PARÇA BOYU]]+$O$2))>$P$2, IF( MOD(SK[[#This Row],[KESİLECEK PARÇA ADEDİ ]], INT((SK[[#This Row],[BOY]]+$O$2)/(SK[[#This Row],[KESİLECEK PARÇA BOYU]]+$O$2)))=0, 0, SK[[#This Row],[BOY]]-MOD(SK[[#This Row],[KESİLECEK PARÇA ADEDİ ]], INT((SK[[#This Row],[BOY]]+$O$2)/(SK[[#This Row],[KESİLECEK PARÇA BOYU]]+$O$2)))*(SK[[#This Row],[KESİLECEK PARÇA BOYU]]+$O$2) ), 0 ) ), 0 ), 0) -> 0 | K23: =IFERROR( IF( IF( MOD(SK[[#This Row],[BOY]],SK[[#This Row],[KESİLECEK PARÇA BOYU]])-$O$2*INT(SK[[#This Row],[BOY]]/SK[[#This Row],[KESİLECEK PARÇA BOYU]])>$P$2, (MOD(SK[[#This Row],[BOY]],SK[[#This Row],[KESİLECEK PARÇA BOYU]])-$O$2*INT(SK[[#This Row],[BOY]]/SK[[#This Row],[KESİLECEK PARÇA BOYU]])), 0 )>0,IF( MOD(SK[[#This Row],[BOY]],SK[[#This Row],[KESİLECEK PARÇA BOYU]])-$O$2*INT(SK[[#This Row],[BOY]]/SK[[#This Row],[KESİLECEK PARÇA BOYU]])>$P$2, (MOD(SK[[#This Row],[BOY]],SK[[#This Row],[KESİLECEK PARÇA BOYU]])-$O$2*INT(SK[[#This Row],[BOY]]/SK[[#This Row],[KESİLECEK PARÇA BOYU]])), 0 ),0),0) -> 0 | L23: =IFERROR(IF(SK[[#This Row],[BOY]]-(SK[[#This Row],[KESİLECEK PARÇA BOYU]]+$O$2)*MOD(SK[[#This Row],[KESİLECEK PARÇA ADEDİ ]],INT(SK[[#This Row],[BOY]]/(SK[[#This Row],[KESİLECEK PARÇA BOYU]]+$O$2)))<SK[[#This Row],[BOY]],SK[[#This Row],[BOY]]-(SK[[#This Row],[KESİLECEK PARÇA BOYU]]+$O$2)*MOD(SK[[#This Row],[KESİLECEK PARÇA ADEDİ ]],INT(SK[[#This Row],[BOY]]/(SK[[#This Row],[KESİLECEK PARÇA BOYU]]+$O$2))),0),0) -> 0
H24: =IFERROR(IF( SK[[#This Row],[KESİLECEK PARÇA ADEDİ ]]*SK[[#This Row],[KESİLECEK PARÇA BOYU]] < SK[[#This Row],[BOY]] - 3*ROUNDUP(SK[[#This Row],[BOY]]/SK[[#This Row],[KESİLECEK PARÇA BOYU]] - 1, 0), 1, ROUNDUP(SK[[#This Row],[KESİLECEK PARÇA ADEDİ ]]/INT(SK[[#This Row],[BOY]]/(SK[[#This Row],[KESİLECEK PARÇA BOYU]]+$O$2)), 0) ),0) -> 0 | J24: =IFERROR( IF(SK[[#This Row],[GEREKLİ ADET]]=1, SK[[#This Row],[BOY]]-SK[[#This Row],[KESİLECEK PARÇA ADEDİ ]]*(SK[[#This Row],[KESİLECEK PARÇA BOYU]]+$O$2), IF( MOD(SK[[#This Row],[BOY]],SK[[#This Row],[KESİLECEK PARÇA BOYU]])-$O$2*INT(SK[[#This Row],[BOY]]/SK[[#This Row],[KESİLECEK PARÇA BOYU]])>$P$2, (MOD(SK[[#This Row],[BOY]],SK[[#This Row],[KESİLECEK PARÇA BOYU]])-$O$2*INT(SK[[#This Row],[BOY]]/SK[[#This Row],[KESİLECEK PARÇA BOYU]]))*SK[[#This Row],[GEREKLİ ADET]], 0 ) ) + IF(SK[[#This Row],[GEREKLİ ADET]]>1, IF( INT((SK[[#This Row],[BOY]]+$O$2)/(SK[[#This Row],[KESİLECEK PARÇA BOYU]]+$O$2))=0, 0, IF( (SK[[#This Row],[BOY]]-MOD(SK[[#This Row],[KESİLECEK PARÇA ADEDİ ]], INT((SK[[#This Row],[BOY]]+$O$2)/(SK[[#This Row],[KESİLECEK PARÇA BOYU]]+$O$2)) )*(SK[[#This Row],[KESİLECEK PARÇA BOYU]]+$O$2))>$P$2, IF( MOD(SK[[#This Row],[KESİLECEK PARÇA ADEDİ ]], INT((SK[[#This Row],[BOY]]+$O$2)/(SK[[#This Row],[KESİLECEK PARÇA BOYU]]+$O$2)))=0, 0, SK[[#This Row],[BOY]]-MOD(SK[[#This Row],[KESİLECEK PARÇA ADEDİ ]], INT((SK[[#This Row],[BOY]]+$O$2)/(SK[[#This Row],[KESİLECEK PARÇA BOYU]]+$O$2)))*(SK[[#This Row],[KESİLECEK PARÇA BOYU]]+$O$2) ), 0 ) ), 0 ), 0) -> 0 | K24: =IFERROR( IF( IF( MOD(SK[[#This Row],[BOY]],SK[[#This Row],[KESİLECEK PARÇA BOYU]])-$O$2*INT(SK[[#This Row],[BOY]]/SK[[#This Row],[KESİLECEK PARÇA BOYU]])>$P$2, (MOD(SK[[#This Row],[BOY]],SK[[#This Row],[KESİLECEK PARÇA BOYU]])-$O$2*INT(SK[[#This Row],[BOY]]/SK[[#This Row],[KESİLECEK PARÇA BOYU]])), 0 )>0,IF( MOD(SK[[#This Row],[BOY]],SK[[#This Row],[KESİLECEK PARÇA BOYU]])-$O$2*INT(SK[[#This Row],[BOY]]/SK[[#This Row],[KESİLECEK PARÇA BOYU]])>$P$2, (MOD(SK[[#This Row],[BOY]],SK[[#This Row],[KESİLECEK PARÇA BOYU]])-$O$2*INT(SK[[#This Row],[BOY]]/SK[[#This Row],[KESİLECEK PARÇA BOYU]])), 0 ),0),0) -> 0 | L24: =IFERROR(IF(SK[[#This Row],[BOY]]-(SK[[#This Row],[KESİLECEK PARÇA BOYU]]+$O$2)*MOD(SK[[#This Row],[KESİLECEK PARÇA ADEDİ ]],INT(SK[[#This Row],[BOY]]/(SK[[#This Row],[KESİLECEK PARÇA BOYU]]+$O$2)))<SK[[#This Row],[BOY]],SK[[#This Row],[BOY]]-(SK[[#This Row],[KESİLECEK PARÇA BOYU]]+$O$2)*MOD(SK[[#This Row],[KESİLECEK PARÇA ADEDİ ]],INT(SK[[#This Row],[BOY]]/(SK[[#This Row],[KESİLECEK PARÇA BOYU]]+$O$2))),0),0) -> 0
H25: =IFERROR(IF( SK[[#This Row],[KESİLECEK PARÇA ADEDİ ]]*SK[[#This Row],[KESİLECEK PARÇA BOYU]] < SK[[#This Row],[BOY]] - 3*ROUNDUP(SK[[#This Row],[BOY]]/SK[[#This Row],[KESİLECEK PARÇA BOYU]] - 1, 0), 1, ROUNDUP(SK[[#This Row],[KESİLECEK PARÇA ADEDİ ]]/INT(SK[[#This Row],[BOY]]/(SK[[#This Row],[KESİLECEK PARÇA BOYU]]+$O$2)), 0) ),0) -> 0 | J25: =IFERROR( IF(SK[[#This Row],[GEREKLİ ADET]]=1, SK[[#This Row],[BOY]]-SK[[#This Row],[KESİLECEK PARÇA ADEDİ ]]*(SK[[#This Row],[KESİLECEK PARÇA BOYU]]+$O$2), IF( MOD(SK[[#This Row],[BOY]],SK[[#This Row],[KESİLECEK PARÇA BOYU]])-$O$2*INT(SK[[#This Row],[BOY]]/SK[[#This Row],[KESİLECEK PARÇA BOYU]])>$P$2, (MOD(SK[[#This Row],[BOY]],SK[[#This Row],[KESİLECEK PARÇA BOYU]])-$O$2*INT(SK[[#This Row],[BOY]]/SK[[#This Row],[KESİLECEK PARÇA BOYU]]))*SK[[#This Row],[GEREKLİ ADET]], 0 ) ) + IF(SK[[#This Row],[GEREKLİ ADET]]>1, IF( INT((SK[[#This Row],[BOY]]+$O$2)/(SK[[#This Row],[KESİLECEK PARÇA BOYU]]+$O$2))=0, 0, IF( (SK[[#This Row],[BOY]]-MOD(SK[[#This Row],[KESİLECEK PARÇA ADEDİ ]], INT((SK[[#This Row],[BOY]]+$O$2)/(SK[[#This Row],[KESİLECEK PARÇA BOYU]]+$O$2)) )*(SK[[#This Row],[KESİLECEK PARÇA BOYU]]+$O$2))>$P$2, IF( MOD(SK[[#This Row],[KESİLECEK PARÇA ADEDİ ]], INT((SK[[#This Row],[BOY]]+$O$2)/(SK[[#This Row],[KESİLECEK PARÇA BOYU]]+$O$2)))=0, 0, SK[[#This Row],[BOY]]-MOD(SK[[#This Row],[KESİLECEK PARÇA ADEDİ ]], INT((SK[[#This Row],[BOY]]+$O$2)/(SK[[#This Row],[KESİLECEK PARÇA BOYU]]+$O$2)))*(SK[[#This Row],[KESİLECEK PARÇA BOYU]]+$O$2) ), 0 ) ), 0 ), 0) -> 0 | K25: =IFERROR( IF( IF( MOD(SK[[#This Row],[BOY]],SK[[#This Row],[KESİLECEK PARÇA BOYU]])-$O$2*INT(SK[[#This Row],[BOY]]/SK[[#This Row],[KESİLECEK PARÇA BOYU]])>$P$2, (MOD(SK[[#This Row],[BOY]],SK[[#This Row],[KESİLECEK PARÇA BOYU]])-$O$2*INT(SK[[#This Row],[BOY]]/SK[[#This Row],[KESİLECEK PARÇA BOYU]])), 0 )>0,IF( MOD(SK[[#This Row],[BOY]],SK[[#This Row],[KESİLECEK PARÇA BOYU]])-$O$2*INT(SK[[#This Row],[BOY]]/SK[[#This Row],[KESİLECEK PARÇA BOYU]])>$P$2, (MOD(SK[[#This Row],[BOY]],SK[[#This Row],[KESİLECEK PARÇA BOYU]])-$O$2*INT(SK[[#This Row],[BOY]]/SK[[#This Row],[KESİLECEK PARÇA BOYU]])), 0 ),0),0) -> 0 | L25: =IFERROR(IF(SK[[#This Row],[BOY]]-(SK[[#This Row],[KESİLECEK PARÇA BOYU]]+$O$2)*MOD(SK[[#This Row],[KESİLECEK PARÇA ADEDİ ]],INT(SK[[#This Row],[BOY]]/(SK[[#This Row],[KESİLECEK PARÇA BOYU]]+$O$2)))<SK[[#This Row],[BOY]],SK[[#This Row],[BOY]]-(SK[[#This Row],[KESİLECEK PARÇA BOYU]]+$O$2)*MOD(SK[[#This Row],[KESİLECEK PARÇA ADEDİ ]],INT(SK[[#This Row],[BOY]]/(SK[[#This Row],[KESİLECEK PARÇA BOYU]]+$O$2))),0),0) -> 0
H26: =IFERROR(IF( SK[[#This Row],[KESİLECEK PARÇA ADEDİ ]]*SK[[#This Row],[KESİLECEK PARÇA BOYU]] < SK[[#This Row],[BOY]] - 3*ROUNDUP(SK[[#This Row],[BOY]]/SK[[#This Row],[KESİLECEK PARÇA BOYU]] - 1, 0), 1, ROUNDUP(SK[[#This Row],[KESİLECEK PARÇA ADEDİ ]]/INT(SK[[#This Row],[BOY]]/(SK[[#This Row],[KESİLECEK PARÇA BOYU]]+$O$2)), 0) ),0) -> 0 | J26: =IFERROR( IF(SK[[#This Row],[GEREKLİ ADET]]=1, SK[[#This Row],[BOY]]-SK[[#This Row],[KESİLECEK PARÇA ADEDİ ]]*(SK[[#This Row],[KESİLECEK PARÇA BOYU]]+$O$2), IF( MOD(SK[[#This Row],[BOY]],SK[[#This Row],[KESİLECEK PARÇA BOYU]])-$O$2*INT(SK[[#This Row],[BOY]]/SK[[#This Row],[KESİLECEK PARÇA BOYU]])>$P$2, (MOD(SK[[#This Row],[BOY]],SK[[#This Row],[KESİLECEK PARÇA BOYU]])-$O$2*INT(SK[[#This Row],[BOY]]/SK[[#This Row],[KESİLECEK PARÇA BOYU]]))*SK[[#This Row],[GEREKLİ ADET]], 0 ) ) + IF(SK[[#This Row],[GEREKLİ ADET]]>1, IF( INT((SK[[#This Row],[BOY]]+$O$2)/(SK[[#This Row],[KESİLECEK PARÇA BOYU]]+$O$2))=0, 0, IF( (SK[[#This Row],[BOY]]-MOD(SK[[#This Row],[KESİLECEK PARÇA ADEDİ ]], INT((SK[[#This Row],[BOY]]+$O$2)/(SK[[#This Row],[KESİLECEK PARÇA BOYU]]+$O$2)) )*(SK[[#This Row],[KESİLECEK PARÇA BOYU]]+$O$2))>$P$2, IF( MOD(SK[[#This Row],[KESİLECEK PARÇA ADEDİ ]], INT((SK[[#This Row],[BOY]]+$O$2)/(SK[[#This Row],[KESİLECEK PARÇA BOYU]]+$O$2)))=0, 0, SK[[#This Row],[BOY]]-MOD(SK[[#This Row],[KESİLECEK PARÇA ADEDİ ]], INT((SK[[#This Row],[BOY]]+$O$2)/(SK[[#This Row],[KESİLECEK PARÇA BOYU]]+$O$2)))*(SK[[#This Row],[KESİLECEK PARÇA BOYU]]+$O$2) ), 0 ) ), 0 ), 0) -> 0 | K26: =IFERROR( IF( IF( MOD(SK[[#This Row],[BOY]],SK[[#This Row],[KESİLECEK PARÇA BOYU]])-$O$2*INT(SK[[#This Row],[BOY]]/SK[[#This Row],[KESİLECEK PARÇA BOYU]])>$P$2, (MOD(SK[[#This Row],[BOY]],SK[[#This Row],[KESİLECEK PARÇA BOYU]])-$O$2*INT(SK[[#This Row],[BOY]]/SK[[#This Row],[KESİLECEK PARÇA BOYU]])), 0 )>0,IF( MOD(SK[[#This Row],[BOY]],SK[[#This Row],[KESİLECEK PARÇA BOYU]])-$O$2*INT(SK[[#This Row],[BOY]]/SK[[#This Row],[KESİLECEK PARÇA BOYU]])>$P$2, (MOD(SK[[#This Row],[BOY]],SK[[#This Row],[KESİLECEK PARÇA BOYU]])-$O$2*INT(SK[[#This Row],[BOY]]/SK[[#This Row],[KESİLECEK PARÇA BOYU]])), 0 ),0),0) -> 0 | L26: =IFERROR(IF(SK[[#This Row],[BOY]]-(SK[[#This Row],[KESİLECEK PARÇA BOYU]]+$O$2)*MOD(SK[[#This Row],[KESİLECEK PARÇA ADEDİ ]],INT(SK[[#This Row],[BOY]]/(SK[[#This Row],[KESİLECEK PARÇA BOYU]]+$O$2)))<SK[[#This Row],[BOY]],SK[[#This Row],[BOY]]-(SK[[#This Row],[KESİLECEK PARÇA BOYU]]+$O$2)*MOD(SK[[#This Row],[KESİLECEK PARÇA ADEDİ ]],INT(SK[[#This Row],[BOY]]/(SK[[#This Row],[KESİLECEK PARÇA BOYU]]+$O$2))),0),0) -> 0
H27: =IFERROR(IF( SK[[#This Row],[KESİLECEK PARÇA ADEDİ ]]*SK[[#This Row],[KESİLECEK PARÇA BOYU]] < SK[[#This Row],[BOY]] - 3*ROUNDUP(SK[[#This Row],[BOY]]/SK[[#This Row],[KESİLECEK PARÇA BOYU]] - 1, 0), 1, ROUNDUP(SK[[#This Row],[KESİLECEK PARÇA ADEDİ ]]/INT(SK[[#This Row],[BOY]]/(SK[[#This Row],[KESİLECEK PARÇA BOYU]]+$O$2)), 0) ),0) -> 0 | J27: =IFERROR( IF(SK[[#This Row],[GEREKLİ ADET]]=1, SK[[#This Row],[BOY]]-SK[[#This Row],[KESİLECEK PARÇA ADEDİ ]]*(SK[[#This Row],[KESİLECEK PARÇA BOYU]]+$O$2), IF( MOD(SK[[#This Row],[BOY]],SK[[#This Row],[KESİLECEK PARÇA BOYU]])-$O$2*INT(SK[[#This Row],[BOY]]/SK[[#This Row],[KESİLECEK PARÇA BOYU]])>$P$2, (MOD(SK[[#This Row],[BOY]],SK[[#This Row],[KESİLECEK PARÇA BOYU]])-$O$2*INT(SK[[#This Row],[BOY]]/SK[[#This Row],[KESİLECEK PARÇA BOYU]]))*SK[[#This Row],[GEREKLİ ADET]], 0 ) ) + IF(SK[[#This Row],[GEREKLİ ADET]]>1, IF( INT((SK[[#This Row],[BOY]]+$O$2)/(SK[[#This Row],[KESİLECEK PARÇA BOYU]]+$O$2))=0, 0, IF( (SK[[#This Row],[BOY]]-MOD(SK[[#This Row],[KESİLECEK PARÇA ADEDİ ]], INT((SK[[#This Row],[BOY]]+$O$2)/(SK[[#This Row],[KESİLECEK PARÇA BOYU]]+$O$2)) )*(SK[[#This Row],[KESİLECEK PARÇA BOYU]]+$O$2))>$P$2, IF( MOD(SK[[#This Row],[KESİLECEK PARÇA ADEDİ ]], INT((SK[[#This Row],[BOY]]+$O$2)/(SK[[#This Row],[KESİLECEK PARÇA BOYU]]+$O$2)))=0, 0, SK[[#This Row],[BOY]]-MOD(SK[[#This Row],[KESİLECEK PARÇA ADEDİ ]], INT((SK[[#This Row],[BOY]]+$O$2)/(SK[[#This Row],[KESİLECEK PARÇA BOYU]]+$O$2)))*(SK[[#This Row],[KESİLECEK PARÇA BOYU]]+$O$2) ), 0 ) ), 0 ), 0) -> 0 | K27: =IFERROR( IF( IF( MOD(SK[[#This Row],[BOY]],SK[[#This Row],[KESİLECEK PARÇA BOYU]])-$O$2*INT(SK[[#This Row],[BOY]]/SK[[#This Row],[KESİLECEK PARÇA BOYU]])>$P$2, (MOD(SK[[#This Row],[BOY]],SK[[#This Row],[KESİLECEK PARÇA BOYU]])-$O$2*INT(SK[[#This Row],[BOY]]/SK[[#This Row],[KESİLECEK PARÇA BOYU]])), 0 )>0,IF( MOD(SK[[#This Row],[BOY]],SK[[#This Row],[KESİLECEK PARÇA BOYU]])-$O$2*INT(SK[[#This Row],[BOY]]/SK[[#This Row],[KESİLECEK PARÇA BOYU]])>$P$2, (MOD(SK[[#This Row],[BOY]],SK[[#This Row],[KESİLECEK PARÇA BOYU]])-$O$2*INT(SK[[#This Row],[BOY]]/SK[[#This Row],[KESİLECEK PARÇA BOYU]])), 0 ),0),0) -> 0 | L27: =IFERROR(IF(SK[[#This Row],[BOY]]-(SK[[#This Row],[KESİLECEK PARÇA BOYU]]+$O$2)*MOD(SK[[#This Row],[KESİLECEK PARÇA ADEDİ ]],INT(SK[[#This Row],[BOY]]/(SK[[#This Row],[KESİLECEK PARÇA BOYU]]+$O$2)))<SK[[#This Row],[BOY]],SK[[#This Row],[BOY]]-(SK[[#This Row],[KESİLECEK PARÇA BOYU]]+$O$2)*MOD(SK[[#This Row],[KESİLECEK PARÇA ADEDİ ]],INT(SK[[#This Row],[BOY]]/(SK[[#This Row],[KESİLECEK PARÇA BOYU]]+$O$2))),0),0) -> 0
H28: =IFERROR(IF( SK[[#This Row],[KESİLECEK PARÇA ADEDİ ]]*SK[[#This Row],[KESİLECEK PARÇA BOYU]] < SK[[#This Row],[BOY]] - 3*ROUNDUP(SK[[#This Row],[BOY]]/SK[[#This Row],[KESİLECEK PARÇA BOYU]] - 1, 0), 1, ROUNDUP(SK[[#This Row],[KESİLECEK PARÇA ADEDİ ]]/INT(SK[[#This Row],[BOY]]/(SK[[#This Row],[KESİLECEK PARÇA BOYU]]+$O$2)), 0) ),0) -> 0 | J28: =IFERROR( IF(SK[[#This Row],[GEREKLİ ADET]]=1, SK[[#This Row],[BOY]]-SK[[#This Row],[KESİLECEK PARÇA ADEDİ ]]*(SK[[#This Row],[KESİLECEK PARÇA BOYU]]+$O$2), IF( MOD(SK[[#This Row],[BOY]],SK[[#This Row],[KESİLECEK PARÇA BOYU]])-$O$2*INT(SK[[#This Row],[BOY]]/SK[[#This Row],[KESİLECEK PARÇA BOYU]])>$P$2, (MOD(SK[[#This Row],[BOY]],SK[[#This Row],[KESİLECEK PARÇA BOYU]])-$O$2*INT(SK[[#This Row],[BOY]]/SK[[#This Row],[KESİLECEK PARÇA BOYU]]))*SK[[#This Row],[GEREKLİ ADET]], 0 ) ) + IF(SK[[#This Row],[GEREKLİ ADET]]>1, IF( INT((SK[[#This Row],[BOY]]+$O$2)/(SK[[#This Row],[KESİLECEK PARÇA BOYU]]+$O$2))=0, 0, IF( (SK[[#This Row],[BOY]]-MOD(SK[[#This Row],[KESİLECEK PARÇA ADEDİ ]], INT((SK[[#This Row],[BOY]]+$O$2)/(SK[[#This Row],[KESİLECEK PARÇA BOYU]]+$O$2)) )*(SK[[#This Row],[KESİLECEK PARÇA BOYU]]+$O$2))>$P$2, IF( MOD(SK[[#This Row],[KESİLECEK PARÇA ADEDİ ]], INT((SK[[#This Row],[BOY]]+$O$2)/(SK[[#This Row],[KESİLECEK PARÇA BOYU]]+$O$2)))=0, 0, SK[[#This Row],[BOY]]-MOD(SK[[#This Row],[KESİLECEK PARÇA ADEDİ ]], INT((SK[[#This Row],[BOY]]+$O$2)/(SK[[#This Row],[KESİLECEK PARÇA BOYU]]+$O$2)))*(SK[[#This Row],[KESİLECEK PARÇA BOYU]]+$O$2) ), 0 ) ), 0 ), 0) -> 0 | K28: =IFERROR( IF( IF( MOD(SK[[#This Row],[BOY]],SK[[#This Row],[KESİLECEK PARÇA BOYU]])-$O$2*INT(SK[[#This Row],[BOY]]/SK[[#This Row],[KESİLECEK PARÇA BOYU]])>$P$2, (MOD(SK[[#This Row],[BOY]],SK[[#This Row],[KESİLECEK PARÇA BOYU]])-$O$2*INT(SK[[#This Row],[BOY]]/SK[[#This Row],[KESİLECEK PARÇA BOYU]])), 0 )>0,IF( MOD(SK[[#This Row],[BOY]],SK[[#This Row],[KESİLECEK PARÇA BOYU]])-$O$2*INT(SK[[#This Row],[BOY]]/SK[[#This Row],[KESİLECEK PARÇA BOYU]])>$P$2, (MOD(SK[[#This Row],[BOY]],SK[[#This Row],[KESİLECEK PARÇA BOYU]])-$O$2*INT(SK[[#This Row],[BOY]]/SK[[#This Row],[KESİLECEK PARÇA BOYU]])), 0 ),0),0) -> 0 | L28: =IFERROR(IF(SK[[#This Row],[BOY]]-(SK[[#This Row],[KESİLECEK PARÇA BOYU]]+$O$2)*MOD(SK[[#This Row],[KESİLECEK PARÇA ADEDİ ]],INT(SK[[#This Row],[BOY]]/(SK[[#This Row],[KESİLECEK PARÇA BOYU]]+$O$2)))<SK[[#This Row],[BOY]],SK[[#This Row],[BOY]]-(SK[[#This Row],[KESİLECEK PARÇA BOYU]]+$O$2)*MOD(SK[[#This Row],[KESİLECEK PARÇA ADEDİ ]],INT(SK[[#This Row],[BOY]]/(SK[[#This Row],[KESİLECEK PARÇA BOYU]]+$O$2))),0),0) -> 0
H29: =IFERROR(IF( SK[[#This Row],[KESİLECEK PARÇA ADEDİ ]]*SK[[#This Row],[KESİLECEK PARÇA BOYU]] < SK[[#This Row],[BOY]] - 3*ROUNDUP(SK[[#This Row],[BOY]]/SK[[#This Row],[KESİLECEK PARÇA BOYU]] - 1, 0), 1, ROUNDUP(SK[[#This Row],[KESİLECEK PARÇA ADEDİ ]]/INT(SK[[#This Row],[BOY]]/(SK[[#This Row],[KESİLECEK PARÇA BOYU]]+$O$2)), 0) ),0) -> 0 | J29: =IFERROR( IF(SK[[#This Row],[GEREKLİ ADET]]=1, SK[[#This Row],[BOY]]-SK[[#This Row],[KESİLECEK PARÇA ADEDİ ]]*(SK[[#This Row],[KESİLECEK PARÇA BOYU]]+$O$2), IF( MOD(SK[[#This Row],[BOY]],SK[[#This Row],[KESİLECEK PARÇA BOYU]])-$O$2*INT(SK[[#This Row],[BOY]]/SK[[#This Row],[KESİLECEK PARÇA BOYU]])>$P$2, (MOD(SK[[#This Row],[BOY]],SK[[#This Row],[KESİLECEK PARÇA BOYU]])-$O$2*INT(SK[[#This Row],[BOY]]/SK[[#This Row],[KESİLECEK PARÇA BOYU]]))*SK[[#This Row],[GEREKLİ ADET]], 0 ) ) + IF(SK[[#This Row],[GEREKLİ ADET]]>1, IF( INT((SK[[#This Row],[BOY]]+$O$2)/(SK[[#This Row],[KESİLECEK PARÇA BOYU]]+$O$2))=0, 0, IF( (SK[[#This Row],[BOY]]-MOD(SK[[#This Row],[KESİLECEK PARÇA ADEDİ ]], INT((SK[[#This Row],[BOY]]+$O$2)/(SK[[#This Row],[KESİLECEK PARÇA BOYU]]+$O$2)) )*(SK[[#This Row],[KESİLECEK PARÇA BOYU]]+$O$2))>$P$2, IF( MOD(SK[[#This Row],[KESİLECEK PARÇA ADEDİ ]], INT((SK[[#This Row],[BOY]]+$O$2)/(SK[[#This Row],[KESİLECEK PARÇA BOYU]]+$O$2)))=0, 0, SK[[#This Row],[BOY]]-MOD(SK[[#This Row],[KESİLECEK PARÇA ADEDİ ]], INT((SK[[#This Row],[BOY]]+$O$2)/(SK[[#This Row],[KESİLECEK PARÇA BOYU]]+$O$2)))*(SK[[#This Row],[KESİLECEK PARÇA BOYU]]+$O$2) ), 0 ) ), 0 ), 0) -> 0 | K29: =IFERROR( IF( IF( MOD(SK[[#This Row],[BOY]],SK[[#This Row],[KESİLECEK PARÇA BOYU]])-$O$2*INT(SK[[#This Row],[BOY]]/SK[[#This Row],[KESİLECEK PARÇA BOYU]])>$P$2, (MOD(SK[[#This Row],[BOY]],SK[[#This Row],[KESİLECEK PARÇA BOYU]])-$O$2*INT(SK[[#This Row],[BOY]]/SK[[#This Row],[KESİLECEK PARÇA BOYU]])), 0 )>0,IF( MOD(SK[[#This Row],[BOY]],SK[[#This Row],[KESİLECEK PARÇA BOYU]])-$O$2*INT(SK[[#This Row],[BOY]]/SK[[#This Row],[KESİLECEK PARÇA BOYU]])>$P$2, (MOD(SK[[#This Row],[BOY]],SK[[#This Row],[KESİLECEK PARÇA BOYU]])-$O$2*INT(SK[[#This Row],[BOY]]/SK[[#This Row],[KESİLECEK PARÇA BOYU]])), 0 ),0),0) -> 0 | L29: =IFERROR(IF(SK[[#This Row],[BOY]]-(SK[[#This Row],[KESİLECEK PARÇA BOYU]]+$O$2)*MOD(SK[[#This Row],[KESİLECEK PARÇA ADEDİ ]],INT(SK[[#This Row],[BOY]]/(SK[[#This Row],[KESİLECEK PARÇA BOYU]]+$O$2)))<SK[[#This Row],[BOY]],SK[[#This Row],[BOY]]-(SK[[#This Row],[KESİLECEK PARÇA BOYU]]+$O$2)*MOD(SK[[#This Row],[KESİLECEK PARÇA ADEDİ ]],INT(SK[[#This Row],[BOY]]/(SK[[#This Row],[KESİLECEK PARÇA BOYU]]+$O$2))),0),0) -> 0
H30: =IFERROR(IF( SK[[#This Row],[KESİLECEK PARÇA ADEDİ ]]*SK[[#This Row],[KESİLECEK PARÇA BOYU]] < SK[[#This Row],[BOY]] - 3*ROUNDUP(SK[[#This Row],[BOY]]/SK[[#This Row],[KESİLECEK PARÇA BOYU]] - 1, 0), 1, ROUNDUP(SK[[#This Row],[KESİLECEK PARÇA ADEDİ ]]/INT(SK[[#This Row],[BOY]]/(SK[[#This Row],[KESİLECEK PARÇA BOYU]]+$O$2)), 0) ),0) -> 0 | J30: =IFERROR( IF(SK[[#This Row],[GEREKLİ ADET]]=1, SK[[#This Row],[BOY]]-SK[[#This Row],[KESİLECEK PARÇA ADEDİ ]]*(SK[[#This Row],[KESİLECEK PARÇA BOYU]]+$O$2), IF( MOD(SK[[#This Row],[BOY]],SK[[#This Row],[KESİLECEK PARÇA BOYU]])-$O$2*INT(SK[[#This Row],[BOY]]/SK[[#This Row],[KESİLECEK PARÇA BOYU]])>$P$2, (MOD(SK[[#This Row],[BOY]],SK[[#This Row],[KESİLECEK PARÇA BOYU]])-$O$2*INT(SK[[#This Row],[BOY]]/SK[[#This Row],[KESİLECEK PARÇA BOYU]]))*SK[[#This Row],[GEREKLİ ADET]], 0 ) ) + IF(SK[[#This Row],[GEREKLİ ADET]]>1, IF( INT((SK[[#This Row],[BOY]]+$O$2)/(SK[[#This Row],[KESİLECEK PARÇA BOYU]]+$O$2))=0, 0, IF( (SK[[#This Row],[BOY]]-MOD(SK[[#This Row],[KESİLECEK PARÇA ADEDİ ]], INT((SK[[#This Row],[BOY]]+$O$2)/(SK[[#This Row],[KESİLECEK PARÇA BOYU]]+$O$2)) )*(SK[[#This Row],[KESİLECEK PARÇA BOYU]]+$O$2))>$P$2, IF( MOD(SK[[#This Row],[KESİLECEK PARÇA ADEDİ ]], INT((SK[[#This Row],[BOY]]+$O$2)/(SK[[#This Row],[KESİLECEK PARÇA BOYU]]+$O$2)))=0, 0, SK[[#This Row],[BOY]]-MOD(SK[[#This Row],[KESİLECEK PARÇA ADEDİ ]], INT((SK[[#This Row],[BOY]]+$O$2)/(SK[[#This Row],[KESİLECEK PARÇA BOYU]]+$O$2)))*(SK[[#This Row],[KESİLECEK PARÇA BOYU]]+$O$2) ), 0 ) ), 0 ), 0) -> 0 | K30: =IFERROR( IF( IF( MOD(SK[[#This Row],[BOY]],SK[[#This Row],[KESİLECEK PARÇA BOYU]])-$O$2*INT(SK[[#This Row],[BOY]]/SK[[#This Row],[KESİLECEK PARÇA BOYU]])>$P$2, (MOD(SK[[#This Row],[BOY]],SK[[#This Row],[KESİLECEK PARÇA BOYU]])-$O$2*INT(SK[[#This Row],[BOY]]/SK[[#This Row],[KESİLECEK PARÇA BOYU]])), 0 )>0,IF( MOD(SK[[#This Row],[BOY]],SK[[#This Row],[KESİLECEK PARÇA BOYU]])-$O$2*INT(SK[[#This Row],[BOY]]/SK[[#This Row],[KESİLECEK PARÇA BOYU]])>$P$2, (MOD(SK[[#This Row],[BOY]],SK[[#This Row],[KESİLECEK PARÇA BOYU]])-$O$2*INT(SK[[#This Row],[BOY]]/SK[[#This Row],[KESİLECEK PARÇA BOYU]])), 0 ),0),0) -> 0 | L30: =IFERROR(IF(SK[[#This Row],[BOY]]-(SK[[#This Row],[KESİLECEK PARÇA BOYU]]+$O$2)*MOD(SK[[#This Row],[KESİLECEK PARÇA ADEDİ ]],INT(SK[[#This Row],[BOY]]/(SK[[#This Row],[KESİLECEK PARÇA BOYU]]+$O$2)))<SK[[#This Row],[BOY]],SK[[#This Row],[BOY]]-(SK[[#This Row],[KESİLECEK PARÇA BOYU]]+$O$2)*MOD(SK[[#This Row],[KESİLECEK PARÇA ADEDİ ]],INT(SK[[#This Row],[BOY]]/(SK[[#This Row],[KESİLECEK PARÇA BOYU]]+$O$2))),0),0) -> 0
H31: =IFERROR(IF( SK[[#This Row],[KESİLECEK PARÇA ADEDİ ]]*SK[[#This Row],[KESİLECEK PARÇA BOYU]] < SK[[#This Row],[BOY]] - 3*ROUNDUP(SK[[#This Row],[BOY]]/SK[[#This Row],[KESİLECEK PARÇA BOYU]] - 1, 0), 1, ROUNDUP(SK[[#This Row],[KESİLECEK PARÇA ADEDİ ]]/INT(SK[[#This Row],[BOY]]/(SK[[#This Row],[KESİLECEK PARÇA BOYU]]+$O$2)), 0) ),0) -> 0 | J31: =IFERROR( IF(SK[[#This Row],[GEREKLİ ADET]]=1, SK[[#This Row],[BOY]]-SK[[#This Row],[KESİLECEK PARÇA ADEDİ ]]*(SK[[#This Row],[KESİLECEK PARÇA BOYU]]+$O$2), IF( MOD(SK[[#This Row],[BOY]],SK[[#This Row],[KESİLECEK PARÇA BOYU]])-$O$2*INT(SK[[#This Row],[BOY]]/SK[[#This Row],[KESİLECEK PARÇA BOYU]])>$P$2, (MOD(SK[[#This Row],[BOY]],SK[[#This Row],[KESİLECEK PARÇA BOYU]])-$O$2*INT(SK[[#This Row],[BOY]]/SK[[#This Row],[KESİLECEK PARÇA BOYU]]))*SK[[#This Row],[GEREKLİ ADET]], 0 ) ) + IF(SK[[#This Row],[GEREKLİ ADET]]>1, IF( INT((SK[[#This Row],[BOY]]+$O$2)/(SK[[#This Row],[KESİLECEK PARÇA BOYU]]+$O$2))=0, 0, IF( (SK[[#This Row],[BOY]]-MOD(SK[[#This Row],[KESİLECEK PARÇA ADEDİ ]], INT((SK[[#This Row],[BOY]]+$O$2)/(SK[[#This Row],[KESİLECEK PARÇA BOYU]]+$O$2)) )*(SK[[#This Row],[KESİLECEK PARÇA BOYU]]+$O$2))>$P$2, IF( MOD(SK[[#This Row],[KESİLECEK PARÇA ADEDİ ]], INT((SK[[#This Row],[BOY]]+$O$2)/(SK[[#This Row],[KESİLECEK PARÇA BOYU]]+$O$2)))=0, 0, SK[[#This Row],[BOY]]-MOD(SK[[#This Row],[KESİLECEK PARÇA ADEDİ ]], INT((SK[[#This Row],[BOY]]+$O$2)/(SK[[#This Row],[KESİLECEK PARÇA BOYU]]+$O$2)))*(SK[[#This Row],[KESİLECEK PARÇA BOYU]]+$O$2) ), 0 ) ), 0 ), 0) -> 0 | K31: =IFERROR( IF( IF( MOD(SK[[#This Row],[BOY]],SK[[#This Row],[KESİLECEK PARÇA BOYU]])-$O$2*INT(SK[[#This Row],[BOY]]/SK[[#This Row],[KESİLECEK PARÇA BOYU]])>$P$2, (MOD(SK[[#This Row],[BOY]],SK[[#This Row],[KESİLECEK PARÇA BOYU]])-$O$2*INT(SK[[#This Row],[BOY]]/SK[[#This Row],[KESİLECEK PARÇA BOYU]])), 0 )>0,IF( MOD(SK[[#This Row],[BOY]],SK[[#This Row],[KESİLECEK PARÇA BOYU]])-$O$2*INT(SK[[#This Row],[BOY]]/SK[[#This Row],[KESİLECEK PARÇA BOYU]])>$P$2, (MOD(SK[[#This Row],[BOY]],SK[[#This Row],[KESİLECEK PARÇA BOYU]])-$O$2*INT(SK[[#This Row],[BOY]]/SK[[#This Row],[KESİLECEK PARÇA BOYU]])), 0 ),0),0) -> 0 | L31: =IFERROR(IF(SK[[#This Row],[BOY]]-(SK[[#This Row],[KESİLECEK PARÇA BOYU]]+$O$2)*MOD(SK[[#This Row],[KESİLECEK PARÇA ADEDİ ]],INT(SK[[#This Row],[BOY]]/(SK[[#This Row],[KESİLECEK PARÇA BOYU]]+$O$2)))<SK[[#This Row],[BOY]],SK[[#This Row],[BOY]]-(SK[[#This Row],[KESİLECEK PARÇA BOYU]]+$O$2)*MOD(SK[[#This Row],[KESİLECEK PARÇA ADEDİ ]],INT(SK[[#This Row],[BOY]]/(SK[[#This Row],[KESİLECEK PARÇA BOYU]]+$O$2))),0),0) -> 0
H32: =IFERROR(IF( SK[[#This Row],[KESİLECEK PARÇA ADEDİ ]]*SK[[#This Row],[KESİLECEK PARÇA BOYU]] < SK[[#This Row],[BOY]] - 3*ROUNDUP(SK[[#This Row],[BOY]]/SK[[#This Row],[KESİLECEK PARÇA BOYU]] - 1, 0), 1, ROUNDUP(SK[[#This Row],[KESİLECEK PARÇA ADEDİ ]]/INT(SK[[#This Row],[BOY]]/(SK[[#This Row],[KESİLECEK PARÇA BOYU]]+$O$2)), 0) ),0) -> 0 | I32: 12000 | J32: =IFERROR( IF(SK[[#This Row],[GEREKLİ ADET]]=1, SK[[#This Row],[BOY]]-SK[[#This Row],[KESİLECEK PARÇA ADEDİ ]]*(SK[[#This Row],[KESİLECEK PARÇA BOYU]]+$O$2), IF( MOD(SK[[#This Row],[BOY]],SK[[#This Row],[KESİLECEK PARÇA BOYU]])-$O$2*INT(SK[[#This Row],[BOY]]/SK[[#This Row],[KESİLECEK PARÇA BOYU]])>$P$2, (MOD(SK[[#This Row],[BOY]],SK[[#This Row],[KESİLECEK PARÇA BOYU]])-$O$2*INT(SK[[#This Row],[BOY]]/SK[[#This Row],[KESİLECEK PARÇA BOYU]]))*SK[[#This Row],[GEREKLİ ADET]], 0 ) ) + IF(SK[[#This Row],[GEREKLİ ADET]]>1, IF( INT((SK[[#This Row],[BOY]]+$O$2)/(SK[[#This Row],[KESİLECEK PARÇA BOYU]]+$O$2))=0, 0, IF( (SK[[#This Row],[BOY]]-MOD(SK[[#This Row],[KESİLECEK PARÇA ADEDİ ]], INT((SK[[#This Row],[BOY]]+$O$2)/(SK[[#This Row],[KESİLECEK PARÇA BOYU]]+$O$2)) )*(SK[[#This Row],[KESİLECEK PARÇA BOYU]]+$O$2))>$P$2, IF( MOD(SK[[#This Row],[KESİLECEK PARÇA ADEDİ ]], INT((SK[[#This Row],[BOY]]+$O$2)/(SK[[#This Row],[KESİLECEK PARÇA BOYU]]+$O$2)))=0, 0, SK[[#This Row],[BOY]]-MOD(SK[[#This Row],[KESİLECEK PARÇA ADEDİ ]], INT((SK[[#This Row],[BOY]]+$O$2)/(SK[[#This Row],[KESİLECEK PARÇA BOYU]]+$O$2)))*(SK[[#This Row],[KESİLECEK PARÇA BOYU]]+$O$2) ), 0 ) ), 0 ), 0) -> 0 | K32: =IFERROR( IF( IF( MOD(SK[[#This Row],[BOY]],SK[[#This Row],[KESİLECEK PARÇA BOYU]])-$O$2*INT(SK[[#This Row],[BOY]]/SK[[#This Row],[KESİLECEK PARÇA BOYU]])>$P$2, (MOD(SK[[#This Row],[BOY]],SK[[#This Row],[KESİLECEK PARÇA BOYU]])-$O$2*INT(SK[[#This Row],[BOY]]/SK[[#This Row],[KESİLECEK PARÇA BOYU]])), 0 )>0,IF( MOD(SK[[#This Row],[BOY]],SK[[#This Row],[KESİLECEK PARÇA BOYU]])-$O$2*INT(SK[[#This Row],[BOY]]/SK[[#This Row],[KESİLECEK PARÇA BOYU]])>$P$2, (MOD(SK[[#This Row],[BOY]],SK[[#This Row],[KESİLECEK PARÇA BOYU]])-$O$2*INT(SK[[#This Row],[BOY]]/SK[[#This Row],[KESİLECEK PARÇA BOYU]])), 0 ),0),0) -> 0 | L32: =IFERROR(IF(SK[[#This Row],[BOY]]-(SK[[#This Row],[KESİLECEK PARÇA BOYU]]+$O$2)*MOD(SK[[#This Row],[KESİLECEK PARÇA ADEDİ ]],INT(SK[[#This Row],[BOY]]/(SK[[#This Row],[KESİLECEK PARÇA BOYU]]+$O$2)))<SK[[#This Row],[BOY]],SK[[#This Row],[BOY]]-(SK[[#This Row],[KESİLECEK PARÇA BOYU]]+$O$2)*MOD(SK[[#This Row],[KESİLECEK PARÇA ADEDİ ]],INT(SK[[#This Row],[BOY]]/(SK[[#This Row],[KESİLECEK PARÇA BOYU]]+$O$2))),0),0) -> 0
H33: =IFERROR(IF( SK[[#This Row],[KESİLECEK PARÇA ADEDİ ]]*SK[[#This Row],[KESİLECEK PARÇA BOYU]] < SK[[#This Row],[BOY]] - 3*ROUNDUP(SK[[#This Row],[BOY]]/SK[[#This Row],[KESİLECEK PARÇA BOYU]] - 1, 0), 1, ROUNDUP(SK[[#This Row],[KESİLECEK PARÇA ADEDİ ]]/INT(SK[[#This Row],[BOY]]/(SK[[#This Row],[KESİLECEK PARÇA BOYU]]+$O$2)), 0) ),0) -> 0 | J33: =IFERROR( IF(SK[[#This Row],[GEREKLİ ADET]]=1, SK[[#This Row],[BOY]]-SK[[#This Row],[KESİLECEK PARÇA ADEDİ ]]*(SK[[#This Row],[KESİLECEK PARÇA BOYU]]+$O$2), IF( MOD(SK[[#This Row],[BOY]],SK[[#This Row],[KESİLECEK PARÇA BOYU]])-$O$2*INT(SK[[#This Row],[BOY]]/SK[[#This Row],[KESİLECEK PARÇA BOYU]])>$P$2, (MOD(SK[[#This Row],[BOY]],SK[[#This Row],[KESİLECEK PARÇA BOYU]])-$O$2*INT(SK[[#This Row],[BOY]]/SK[[#This Row],[KESİLECEK PARÇA BOYU]]))*SK[[#This Row],[GEREKLİ ADET]], 0 ) ) + IF(SK[[#This Row],[GEREKLİ ADET]]>1, IF( INT((SK[[#This Row],[BOY]]+$O$2)/(SK[[#This Row],[KESİLECEK PARÇA BOYU]]+$O$2))=0, 0, IF( (SK[[#This Row],[BOY]]-MOD(SK[[#This Row],[KESİLECEK PARÇA ADEDİ ]], INT((SK[[#This Row],[BOY]]+$O$2)/(SK[[#This Row],[KESİLECEK PARÇA BOYU]]+$O$2)) )*(SK[[#This Row],[KESİLECEK PARÇA BOYU]]+$O$2))>$P$2, IF( MOD(SK[[#This Row],[KESİLECEK PARÇA ADEDİ ]], INT((SK[[#This Row],[BOY]]+$O$2)/(SK[[#This Row],[KESİLECEK PARÇA BOYU]]+$O$2)))=0, 0, SK[[#This Row],[BOY]]-MOD(SK[[#This Row],[KESİLECEK PARÇA ADEDİ ]], INT((SK[[#This Row],[BOY]]+$O$2)/(SK[[#This Row],[KESİLECEK PARÇA BOYU]]+$O$2)))*(SK[[#This Row],[KESİLECEK PARÇA BOYU]]+$O$2) ), 0 ) ), 0 ), 0) -> 0 | K33: =IFERROR( IF( IF( MOD(SK[[#This Row],[BOY]],SK[[#This Row],[KESİLECEK PARÇA BOYU]])-$O$2*INT(SK[[#This Row],[BOY]]/SK[[#This Row],[KESİLECEK PARÇA BOYU]])>$P$2, (MOD(SK[[#This Row],[BOY]],SK[[#This Row],[KESİLECEK PARÇA BOYU]])-$O$2*INT(SK[[#This Row],[BOY]]/SK[[#This Row],[KESİLECEK PARÇA BOYU]])), 0 )>0,IF( MOD(SK[[#This Row],[BOY]],SK[[#This Row],[KESİLECEK PARÇA BOYU]])-$O$2*INT(SK[[#This Row],[BOY]]/SK[[#This Row],[KESİLECEK PARÇA BOYU]])>$P$2, (MOD(SK[[#This Row],[BOY]],SK[[#This Row],[KESİLECEK PARÇA BOYU]])-$O$2*INT(SK[[#This Row],[BOY]]/SK[[#This Row],[KESİLECEK PARÇA BOYU]])), 0 ),0),0) -> 0 | L33: =IFERROR(IF(SK[[#This Row],[BOY]]-(SK[[#This Row],[KESİLECEK PARÇA BOYU]]+$O$2)*MOD(SK[[#This Row],[KESİLECEK PARÇA ADEDİ ]],INT(SK[[#This Row],[BOY]]/(SK[[#This Row],[KESİLECEK PARÇA BOYU]]+$O$2)))<SK[[#This Row],[BOY]],SK[[#This Row],[BOY]]-(SK[[#This Row],[KESİLECEK PARÇA BOYU]]+$O$2)*MOD(SK[[#This Row],[KESİLECEK PARÇA ADEDİ ]],INT(SK[[#This Row],[BOY]]/(SK[[#This Row],[KESİLECEK PARÇA BOYU]]+$O$2))),0),0) -> 0
H34: =IFERROR(IF( SK[[#This Row],[KESİLECEK PARÇA ADEDİ ]]*SK[[#This Row],[KESİLECEK PARÇA BOYU]] < SK[[#This Row],[BOY]] - 3*ROUNDUP(SK[[#This Row],[BOY]]/SK[[#This Row],[KESİLECEK PARÇA BOYU]] - 1, 0), 1, ROUNDUP(SK[[#This Row],[KESİLECEK PARÇA ADEDİ ]]/INT(SK[[#This Row],[BOY]]/(SK[[#This Row],[KESİLECEK PARÇA BOYU]]+$O$2)), 0) ),0) -> 0 | J34: =IFERROR( IF(SK[[#This Row],[GEREKLİ ADET]]=1, SK[[#This Row],[BOY]]-SK[[#This Row],[KESİLECEK PARÇA ADEDİ ]]*(SK[[#This Row],[KESİLECEK PARÇA BOYU]]+$O$2), IF( MOD(SK[[#This Row],[BOY]],SK[[#This Row],[KESİLECEK PARÇA BOYU]])-$O$2*INT(SK[[#This Row],[BOY]]/SK[[#This Row],[KESİLECEK PARÇA BOYU]])>$P$2, (MOD(SK[[#This Row],[BOY]],SK[[#This Row],[KESİLECEK PARÇA BOYU]])-$O$2*INT(SK[[#This Row],[BOY]]/SK[[#This Row],[KESİLECEK PARÇA BOYU]]))*SK[[#This Row],[GEREKLİ ADET]], 0 ) ) + IF(SK[[#This Row],[GEREKLİ ADET]]>1, IF( INT((SK[[#This Row],[BOY]]+$O$2)/(SK[[#This Row],[KESİLECEK PARÇA BOYU]]+$O$2))=0, 0, IF( (SK[[#This Row],[BOY]]-MOD(SK[[#This Row],[KESİLECEK PARÇA ADEDİ ]], INT((SK[[#This Row],[BOY]]+$O$2)/(SK[[#This Row],[KESİLECEK PARÇA BOYU]]+$O$2)) )*(SK[[#This Row],[KESİLECEK PARÇA BOYU]]+$O$2))>$P$2, IF( MOD(SK[[#This Row],[KESİLECEK PARÇA ADEDİ ]], INT((SK[[#This Row],[BOY]]+$O$2)/(SK[[#This Row],[KESİLECEK PARÇA BOYU]]+$O$2)))=0, 0, SK[[#This Row],[BOY]]-MOD(SK[[#This Row],[KESİLECEK PARÇA ADEDİ ]], INT((SK[[#This Row],[BOY]]+$O$2)/(SK[[#This Row],[KESİLECEK PARÇA BOYU]]+$O$2)))*(SK[[#This Row],[KESİLECEK PARÇA BOYU]]+$O$2) ), 0 ) ), 0 ), 0) -> 0 | K34: =IFERROR( IF( IF( MOD(SK[[#This Row],[BOY]],SK[[#This Row],[KESİLECEK PARÇA BOYU]])-$O$2*INT(SK[[#This Row],[BOY]]/SK[[#This Row],[KESİLECEK PARÇA BOYU]])>$P$2, (MOD(SK[[#This Row],[BOY]],SK[[#This Row],[KESİLECEK PARÇA BOYU]])-$O$2*INT(SK[[#This Row],[BOY]]/SK[[#This Row],[KESİLECEK PARÇA BOYU]])), 0 )>0,IF( MOD(SK[[#This Row],[BOY]],SK[[#This Row],[KESİLECEK PARÇA BOYU]])-$O$2*INT(SK[[#This Row],[BOY]]/SK[[#This Row],[KESİLECEK PARÇA BOYU]])>$P$2, (MOD(SK[[#This Row],[BOY]],SK[[#This Row],[KESİLECEK PARÇA BOYU]])-$O$2*INT(SK[[#This Row],[BOY]]/SK[[#This Row],[KESİLECEK PARÇA BOYU]])), 0 ),0),0) -> 0 | L34: =IFERROR(IF(SK[[#This Row],[BOY]]-(SK[[#This Row],[KESİLECEK PARÇA BOYU]]+$O$2)*MOD(SK[[#This Row],[KESİLECEK PARÇA ADEDİ ]],INT(SK[[#This Row],[BOY]]/(SK[[#This Row],[KESİLECEK PARÇA BOYU]]+$O$2)))<SK[[#This Row],[BOY]],SK[[#This Row],[BOY]]-(SK[[#This Row],[KESİLECEK PARÇA BOYU]]+$O$2)*MOD(SK[[#This Row],[KESİLECEK PARÇA ADEDİ ]],INT(SK[[#This Row],[BOY]]/(SK[[#This Row],[KESİLECEK PARÇA BOYU]]+$O$2))),0),0) -> 0
H35: =IFERROR(IF( SK[[#This Row],[KESİLECEK PARÇA ADEDİ ]]*SK[[#This Row],[KESİLECEK PARÇA BOYU]] < SK[[#This Row],[BOY]] - 3*ROUNDUP(SK[[#This Row],[BOY]]/SK[[#This Row],[KESİLECEK PARÇA BOYU]] - 1, 0), 1, ROUNDUP(SK[[#This Row],[KESİLECEK PARÇA ADEDİ ]]/INT(SK[[#This Row],[BOY]]/(SK[[#This Row],[KESİLECEK PARÇA BOYU]]+$O$2)), 0) ),0) -> 0 | J35: =IFERROR( IF(SK[[#This Row],[GEREKLİ ADET]]=1, SK[[#This Row],[BOY]]-SK[[#This Row],[KESİLECEK PARÇA ADEDİ ]]*(SK[[#This Row],[KESİLECEK PARÇA BOYU]]+$O$2), IF( MOD(SK[[#This Row],[BOY]],SK[[#This Row],[KESİLECEK PARÇA BOYU]])-$O$2*INT(SK[[#This Row],[BOY]]/SK[[#This Row],[KESİLECEK PARÇA BOYU]])>$P$2, (MOD(SK[[#This Row],[BOY]],SK[[#This Row],[KESİLECEK PARÇA BOYU]])-$O$2*INT(SK[[#This Row],[BOY]]/SK[[#This Row],[KESİLECEK PARÇA BOYU]]))*SK[[#This Row],[GEREKLİ ADET]], 0 ) ) + IF(SK[[#This Row],[GEREKLİ ADET]]>1, IF( INT((SK[[#This Row],[BOY]]+$O$2)/(SK[[#This Row],[KESİLECEK PARÇA BOYU]]+$O$2))=0, 0, IF( (SK[[#This Row],[BOY]]-MOD(SK[[#This Row],[KESİLECEK PARÇA ADEDİ ]], INT((SK[[#This Row],[BOY]]+$O$2)/(SK[[#This Row],[KESİLECEK PARÇA BOYU]]+$O$2)) )*(SK[[#This Row],[KESİLECEK PARÇA BOYU]]+$O$2))>$P$2, IF( MOD(SK[[#This Row],[KESİLECEK PARÇA ADEDİ ]], INT((SK[[#This Row],[BOY]]+$O$2)/(SK[[#This Row],[KESİLECEK PARÇA BOYU]]+$O$2)))=0, 0, SK[[#This Row],[BOY]]-MOD(SK[[#This Row],[KESİLECEK PARÇA ADEDİ ]], INT((SK[[#This Row],[BOY]]+$O$2)/(SK[[#This Row],[KESİLECEK PARÇA BOYU]]+$O$2)))*(SK[[#This Row],[KESİLECEK PARÇA BOYU]]+$O$2) ), 0 ) ), 0 ), 0) -> 0 | K35: =IFERROR( IF( IF( MOD(SK[[#This Row],[BOY]],SK[[#This Row],[KESİLECEK PARÇA BOYU]])-$O$2*INT(SK[[#This Row],[BOY]]/SK[[#This Row],[KESİLECEK PARÇA BOYU]])>$P$2, (MOD(SK[[#This Row],[BOY]],SK[[#This Row],[KESİLECEK PARÇA BOYU]])-$O$2*INT(SK[[#This Row],[BOY]]/SK[[#This Row],[KESİLECEK PARÇA BOYU]])), 0 )>0,IF( MOD(SK[[#This Row],[BOY]],SK[[#This Row],[KESİLECEK PARÇA BOYU]])-$O$2*INT(SK[[#This Row],[BOY]]/SK[[#This Row],[KESİLECEK PARÇA BOYU]])>$P$2, (MOD(SK[[#This Row],[BOY]],SK[[#This Row],[KESİLECEK PARÇA BOYU]])-$O$2*INT(SK[[#This Row],[BOY]]/SK[[#This Row],[KESİLECEK PARÇA BOYU]])), 0 ),0),0) -> 0 | L35: =IFERROR(IF(SK[[#This Row],[BOY]]-(SK[[#This Row],[KESİLECEK PARÇA BOYU]]+$O$2)*MOD(SK[[#This Row],[KESİLECEK PARÇA ADEDİ ]],INT(SK[[#This Row],[BOY]]/(SK[[#This Row],[KESİLECEK PARÇA BOYU]]+$O$2)))<SK[[#This Row],[BOY]],SK[[#This Row],[BOY]]-(SK[[#This Row],[KESİLECEK PARÇA BOYU]]+$O$2)*MOD(SK[[#This Row],[KESİLECEK PARÇA ADEDİ ]],INT(SK[[#This Row],[BOY]]/(SK[[#This Row],[KESİLECEK PARÇA BOYU]]+$O$2))),0),0) -> 0
H36: =IFERROR(IF( SK[[#This Row],[KESİLECEK PARÇA ADEDİ ]]*SK[[#This Row],[KESİLECEK PARÇA BOYU]] < SK[[#This Row],[BOY]] - 3*ROUNDUP(SK[[#This Row],[BOY]]/SK[[#This Row],[KESİLECEK PARÇA BOYU]] - 1, 0), 1, ROUNDUP(SK[[#This Row],[KESİLECEK PARÇA ADEDİ ]]/INT(SK[[#This Row],[BOY]]/(SK[[#This Row],[KESİLECEK PARÇA BOYU]]+$O$2)), 0) ),0) -> 0 | J36: =IFERROR( IF(SK[[#This Row],[GEREKLİ ADET]]=1, SK[[#This Row],[BOY]]-SK[[#This Row],[KESİLECEK PARÇA ADEDİ ]]*(SK[[#This Row],[KESİLECEK PARÇA BOYU]]+$O$2), IF( MOD(SK[[#This Row],[BOY]],SK[[#This Row],[KESİLECEK PARÇA BOYU]])-$O$2*INT(SK[[#This Row],[BOY]]/SK[[#This Row],[KESİLECEK PARÇA BOYU]])>$P$2, (MOD(SK[[#This Row],[BOY]],SK[[#This Row],[KESİLECEK PARÇA BOYU]])-$O$2*INT(SK[[#This Row],[BOY]]/SK[[#This Row],[KESİLECEK PARÇA BOYU]]))*SK[[#This Row],[GEREKLİ ADET]], 0 ) ) + IF(SK[[#This Row],[GEREKLİ ADET]]>1, IF( INT((SK[[#This Row],[BOY]]+$O$2)/(SK[[#This Row],[KESİLECEK PARÇA BOYU]]+$O$2))=0, 0, IF( (SK[[#This Row],[BOY]]-MOD(SK[[#This Row],[KESİLECEK PARÇA ADEDİ ]], INT((SK[[#This Row],[BOY]]+$O$2)/(SK[[#This Row],[KESİLECEK PARÇA BOYU]]+$O$2)) )*(SK[[#This Row],[KESİLECEK PARÇA BOYU]]+$O$2))>$P$2, IF( MOD(SK[[#This Row],[KESİLECEK PARÇA ADEDİ ]], INT((SK[[#This Row],[BOY]]+$O$2)/(SK[[#This Row],[KESİLECEK PARÇA BOYU]]+$O$2)))=0, 0, SK[[#This Row],[BOY]]-MOD(SK[[#This Row],[KESİLECEK PARÇA ADEDİ ]], INT((SK[[#This Row],[BOY]]+$O$2)/(SK[[#This Row],[KESİLECEK PARÇA BOYU]]+$O$2)))*(SK[[#This Row],[KESİLECEK PARÇA BOYU]]+$O$2) ), 0 ) ), 0 ), 0) -> 0 | K36: =IFERROR( IF( IF( MOD(SK[[#This Row],[BOY]],SK[[#This Row],[KESİLECEK PARÇA BOYU]])-$O$2*INT(SK[[#This Row],[BOY]]/SK[[#This Row],[KESİLECEK PARÇA BOYU]])>$P$2, (MOD(SK[[#This Row],[BOY]],SK[[#This Row],[KESİLECEK PARÇA BOYU]])-$O$2*INT(SK[[#This Row],[BOY]]/SK[[#This Row],[KESİLECEK PARÇA BOYU]])), 0 )>0,IF( MOD(SK[[#This Row],[BOY]],SK[[#This Row],[KESİLECEK PARÇA BOYU]])-$O$2*INT(SK[[#This Row],[BOY]]/SK[[#This Row],[KESİLECEK PARÇA BOYU]])>$P$2, (MOD(SK[[#This Row],[BOY]],SK[[#This Row],[KESİLECEK PARÇA BOYU]])-$O$2*INT(SK[[#This Row],[BOY]]/SK[[#This Row],[KESİLECEK PARÇA BOYU]])), 0 ),0),0) -> 0 | L36: =IFERROR(IF(SK[[#This Row],[BOY]]-(SK[[#This Row],[KESİLECEK PARÇA BOYU]]+$O$2)*MOD(SK[[#This Row],[KESİLECEK PARÇA ADEDİ ]],INT(SK[[#This Row],[BOY]]/(SK[[#This Row],[KESİLECEK PARÇA BOYU]]+$O$2)))<SK[[#This Row],[BOY]],SK[[#This Row],[BOY]]-(SK[[#This Row],[KESİLECEK PARÇA BOYU]]+$O$2)*MOD(SK[[#This Row],[KESİLECEK PARÇA ADEDİ ]],INT(SK[[#This Row],[BOY]]/(SK[[#This Row],[KESİLECEK PARÇA BOYU]]+$O$2))),0),0) -> 0
H37: =IFERROR(IF( SK[[#This Row],[KESİLECEK PARÇA ADEDİ ]]*SK[[#This Row],[KESİLECEK PARÇA BOYU]] < SK[[#This Row],[BOY]] - 3*ROUNDUP(SK[[#This Row],[BOY]]/SK[[#This Row],[KESİLECEK PARÇA BOYU]] - 1, 0), 1, ROUNDUP(SK[[#This Row],[KESİLECEK PARÇA ADEDİ ]]/INT(SK[[#This Row],[BOY]]/(SK[[#This Row],[KESİLECEK PARÇA BOYU]]+$O$2)), 0) ),0) -> 0 | J37: =IFERROR( IF(SK[[#This Row],[GEREKLİ ADET]]=1, SK[[#This Row],[BOY]]-SK[[#This Row],[KESİLECEK PARÇA ADEDİ ]]*(SK[[#This Row],[KESİLECEK PARÇA BOYU]]+$O$2), IF( MOD(SK[[#This Row],[BOY]],SK[[#This Row],[KESİLECEK PARÇA BOYU]])-$O$2*INT(SK[[#This Row],[BOY]]/SK[[#This Row],[KESİLECEK PARÇA BOYU]])>$P$2, (MOD(SK[[#This Row],[BOY]],SK[[#This Row],[KESİLECEK PARÇA BOYU]])-$O$2*INT(SK[[#This Row],[BOY]]/SK[[#This Row],[KESİLECEK PARÇA BOYU]]))*SK[[#This Row],[GEREKLİ ADET]], 0 ) ) + IF(SK[[#This Row],[GEREKLİ ADET]]>1, IF( INT((SK[[#This Row],[BOY]]+$O$2)/(SK[[#This Row],[KESİLECEK PARÇA BOYU]]+$O$2))=0, 0, IF( (SK[[#This Row],[BOY]]-MOD(SK[[#This Row],[KESİLECEK PARÇA ADEDİ ]], INT((SK[[#This Row],[BOY]]+$O$2)/(SK[[#This Row],[KESİLECEK PARÇA BOYU]]+$O$2)) )*(SK[[#This Row],[KESİLECEK PARÇA BOYU]]+$O$2))>$P$2, IF( MOD(SK[[#This Row],[KESİLECEK PARÇA ADEDİ ]], INT((SK[[#This Row],[BOY]]+$O$2)/(SK[[#This Row],[KESİLECEK PARÇA BOYU]]+$O$2)))=0, 0, SK[[#This Row],[BOY]]-MOD(SK[[#This Row],[KESİLECEK PARÇA ADEDİ ]], INT((SK[[#This Row],[BOY]]+$O$2)/(SK[[#This Row],[KESİLECEK PARÇA BOYU]]+$O$2)))*(SK[[#This Row],[KESİLECEK PARÇA BOYU]]+$O$2) ), 0 ) ), 0 ), 0) -> 0 | K37: =IFERROR( IF( IF( MOD(SK[[#This Row],[BOY]],SK[[#This Row],[KESİLECEK PARÇA BOYU]])-$O$2*INT(SK[[#This Row],[BOY]]/SK[[#This Row],[KESİLECEK PARÇA BOYU]])>$P$2, (MOD(SK[[#This Row],[BOY]],SK[[#This Row],[KESİLECEK PARÇA BOYU]])-$O$2*INT(SK[[#This Row],[BOY]]/SK[[#This Row],[KESİLECEK PARÇA BOYU]])), 0 )>0,IF( MOD(SK[[#This Row],[BOY]],SK[[#This Row],[KESİLECEK PARÇA BOYU]])-$O$2*INT(SK[[#This Row],[BOY]]/SK[[#This Row],[KESİLECEK PARÇA BOYU]])>$P$2, (MOD(SK[[#This Row],[BOY]],SK[[#This Row],[KESİLECEK PARÇA BOYU]])-$O$2*INT(SK[[#This Row],[BOY]]/SK[[#This Row],[KESİLECEK PARÇA BOYU]])), 0 ),0),0) -> 0 | L37: =IFERROR(IF(SK[[#This Row],[BOY]]-(SK[[#This Row],[KESİLECEK PARÇA BOYU]]+$O$2)*MOD(SK[[#This Row],[KESİLECEK PARÇA ADEDİ ]],INT(SK[[#This Row],[BOY]]/(SK[[#This Row],[KESİLECEK PARÇA BOYU]]+$O$2)))<SK[[#This Row],[BOY]],SK[[#This Row],[BOY]]-(SK[[#This Row],[KESİLECEK PARÇA BOYU]]+$O$2)*MOD(SK[[#This Row],[KESİLECEK PARÇA ADEDİ ]],INT(SK[[#This Row],[BOY]]/(SK[[#This Row],[KESİLECEK PARÇA BOYU]]+$O$2))),0),0) -> 0
H38: =IFERROR(IF( SK[[#This Row],[KESİLECEK PARÇA ADEDİ ]]*SK[[#This Row],[KESİLECEK PARÇA BOYU]] < SK[[#This Row],[BOY]] - 3*ROUNDUP(SK[[#This Row],[BOY]]/SK[[#This Row],[KESİLECEK PARÇA BOYU]] - 1, 0), 1, ROUNDUP(SK[[#This Row],[KESİLECEK PARÇA ADEDİ ]]/INT(SK[[#This Row],[BOY]]/(SK[[#This Row],[KESİLECEK PARÇA BOYU]]+$O$2)), 0) ),0) -> 0 | I38: 6000 | J38: =IFERROR( IF(SK[[#This Row],[GEREKLİ ADET]]=1, SK[[#This Row],[BOY]]-SK[[#This Row],[KESİLECEK PARÇA ADEDİ ]]*(SK[[#This Row],[KESİLECEK PARÇA BOYU]]+$O$2), IF( MOD(SK[[#This Row],[BOY]],SK[[#This Row],[KESİLECEK PARÇA BOYU]])-$O$2*INT(SK[[#This Row],[BOY]]/SK[[#This Row],[KESİLECEK PARÇA BOYU]])>$P$2, (MOD(SK[[#This Row],[BOY]],SK[[#This Row],[KESİLECEK PARÇA BOYU]])-$O$2*INT(SK[[#This Row],[BOY]]/SK[[#This Row],[KESİLECEK PARÇA BOYU]]))*SK[[#This Row],[GEREKLİ ADET]], 0 ) ) + IF(SK[[#This Row],[GEREKLİ ADET]]>1, IF( INT((SK[[#This Row],[BOY]]+$O$2)/(SK[[#This Row],[KESİLECEK PARÇA BOYU]]+$O$2))=0, 0, IF( (SK[[#This Row],[BOY]]-MOD(SK[[#This Row],[KESİLECEK PARÇA ADEDİ ]], INT((SK[[#This Row],[BOY]]+$O$2)/(SK[[#This Row],[KESİLECEK PARÇA BOYU]]+$O$2)) )*(SK[[#This Row],[KESİLECEK PARÇA BOYU]]+$O$2))>$P$2, IF( MOD(SK[[#This Row],[KESİLECEK PARÇA ADEDİ ]], INT((SK[[#This Row],[BOY]]+$O$2)/(SK[[#This Row],[KESİLECEK PARÇA BOYU]]+$O$2)))=0, 0, SK[[#This Row],[BOY]]-MOD(SK[[#This Row],[KESİLECEK PARÇA ADEDİ ]], INT((SK[[#This Row],[BOY]]+$O$2)/(SK[[#This Row],[KESİLECEK PARÇA BOYU]]+$O$2)))*(SK[[#This Row],[KESİLECEK PARÇA BOYU]]+$O$2) ), 0 ) ), 0 ), 0) -> 0 | K38: =IFERROR( IF( IF( MOD(SK[[#This Row],[BOY]],SK[[#This Row],[KESİLECEK PARÇA BOYU]])-$O$2*INT(SK[[#This Row],[BOY]]/SK[[#This Row],[KESİLECEK PARÇA BOYU]])>$P$2, (MOD(SK[[#This Row],[BOY]],SK[[#This Row],[KESİLECEK PARÇA BOYU]])-$O$2*INT(SK[[#This Row],[BOY]]/SK[[#This Row],[KESİLECEK PARÇA BOYU]])), 0 )>0,IF( MOD(SK[[#This Row],[BOY]],SK[[#This Row],[KESİLECEK PARÇA BOYU]])-$O$2*INT(SK[[#This Row],[BOY]]/SK[[#This Row],[KESİLECEK PARÇA BOYU]])>$P$2, (MOD(SK[[#This Row],[BOY]],SK[[#This Row],[KESİLECEK PARÇA BOYU]])-$O$2*INT(SK[[#This Row],[BOY]]/SK[[#This Row],[KESİLECEK PARÇA BOYU]])), 0 ),0),0) -> 0 | L38: =IFERROR(IF(SK[[#This Row],[BOY]]-(SK[[#This Row],[KESİLECEK PARÇA BOYU]]+$O$2)*MOD(SK[[#This Row],[KESİLECEK PARÇA ADEDİ ]],INT(SK[[#This Row],[BOY]]/(SK[[#This Row],[KESİLECEK PARÇA BOYU]]+$O$2)))<SK[[#This Row],[BOY]],SK[[#This Row],[BOY]]-(SK[[#This Row],[KESİLECEK PARÇA BOYU]]+$O$2)*MOD(SK[[#This Row],[KESİLECEK PARÇA ADEDİ ]],INT(SK[[#This Row],[BOY]]/(SK[[#This Row],[KESİLECEK PARÇA BOYU]]+$O$2))),0),0) -> 0
H39: =IFERROR(IF( SK[[#This Row],[KESİLECEK PARÇA ADEDİ ]]*SK[[#This Row],[KESİLECEK PARÇA BOYU]] < SK[[#This Row],[BOY]] - 3*ROUNDUP(SK[[#This Row],[BOY]]/SK[[#This Row],[KESİLECEK PARÇA BOYU]] - 1, 0), 1, ROUNDUP(SK[[#This Row],[KESİLECEK PARÇA ADEDİ ]]/INT(SK[[#This Row],[BOY]]/(SK[[#This Row],[KESİLECEK PARÇA BOYU]]+$O$2)), 0) ),0) -> 0 | J39: =IFERROR( IF(SK[[#This Row],[GEREKLİ ADET]]=1, SK[[#This Row],[BOY]]-SK[[#This Row],[KESİLECEK PARÇA ADEDİ ]]*(SK[[#This Row],[KESİLECEK PARÇA BOYU]]+$O$2), IF( MOD(SK[[#This Row],[BOY]],SK[[#This Row],[KESİLECEK PARÇA BOYU]])-$O$2*INT(SK[[#This Row],[BOY]]/SK[[#This Row],[KESİLECEK PARÇA BOYU]])>$P$2, (MOD(SK[[#This Row],[BOY]],SK[[#This Row],[KESİLECEK PARÇA BOYU]])-$O$2*INT(SK[[#This Row],[BOY]]/SK[[#This Row],[KESİLECEK PARÇA BOYU]]))*SK[[#This Row],[GEREKLİ ADET]], 0 ) ) + IF(SK[[#This Row],[GEREKLİ ADET]]>1, IF( INT((SK[[#This Row],[BOY]]+$O$2)/(SK[[#This Row],[KESİLECEK PARÇA BOYU]]+$O$2))=0, 0, IF( (SK[[#This Row],[BOY]]-MOD(SK[[#This Row],[KESİLECEK PARÇA ADEDİ ]], INT((SK[[#This Row],[BOY]]+$O$2)/(SK[[#This Row],[KESİLECEK PARÇA BOYU]]+$O$2)) )*(SK[[#This Row],[KESİLECEK PARÇA BOYU]]+$O$2))>$P$2, IF( MOD(SK[[#This Row],[KESİLECEK PARÇA ADEDİ ]], INT((SK[[#This Row],[BOY]]+$O$2)/(SK[[#This Row],[KESİLECEK PARÇA BOYU]]+$O$2)))=0, 0, SK[[#This Row],[BOY]]-MOD(SK[[#This Row],[KESİLECEK PARÇA ADEDİ ]], INT((SK[[#This Row],[BOY]]+$O$2)/(SK[[#This Row],[KESİLECEK PARÇA BOYU]]+$O$2)))*(SK[[#This Row],[KESİLECEK PARÇA BOYU]]+$O$2) ), 0 ) ), 0 ), 0) -> 0 | K39: =IFERROR( IF( IF( MOD(SK[[#This Row],[BOY]],SK[[#This Row],[KESİLECEK PARÇA BOYU]])-$O$2*INT(SK[[#This Row],[BOY]]/SK[[#This Row],[KESİLECEK PARÇA BOYU]])>$P$2, (MOD(SK[[#This Row],[BOY]],SK[[#This Row],[KESİLECEK PARÇA BOYU]])-$O$2*INT(SK[[#This Row],[BOY]]/SK[[#This Row],[KESİLECEK PARÇA BOYU]])), 0 )>0,IF( MOD(SK[[#This Row],[BOY]],SK[[#This Row],[KESİLECEK PARÇA BOYU]])-$O$2*INT(SK[[#This Row],[BOY]]/SK[[#This Row],[KESİLECEK PARÇA BOYU]])>$P$2, (MOD(SK[[#This Row],[BOY]],SK[[#This Row],[KESİLECEK PARÇA BOYU]])-$O$2*INT(SK[[#This Row],[BOY]]/SK[[#This Row],[KESİLECEK PARÇA BOYU]])), 0 ),0),0) -> 0 | L39: =IFERROR(IF(SK[[#This Row],[BOY]]-(SK[[#This Row],[KESİLECEK PARÇA BOYU]]+$O$2)*MOD(SK[[#This Row],[KESİLECEK PARÇA ADEDİ ]],INT(SK[[#This Row],[BOY]]/(SK[[#This Row],[KESİLECEK PARÇA BOYU]]+$O$2)))<SK[[#This Row],[BOY]],SK[[#This Row],[BOY]]-(SK[[#This Row],[KESİLECEK PARÇA BOYU]]+$O$2)*MOD(SK[[#This Row],[KESİLECEK PARÇA ADEDİ ]],INT(SK[[#This Row],[BOY]]/(SK[[#This Row],[KESİLECEK PARÇA BOYU]]+$O$2))),0),0) -> 0
H40: =IFERROR(IF( SK[[#This Row],[KESİLECEK PARÇA ADEDİ ]]*SK[[#This Row],[KESİLECEK PARÇA BOYU]] < SK[[#This Row],[BOY]] - 3*ROUNDUP(SK[[#This Row],[BOY]]/SK[[#This Row],[KESİLECEK PARÇA BOYU]] - 1, 0), 1, ROUNDUP(SK[[#This Row],[KESİLECEK PARÇA ADEDİ ]]/INT(SK[[#This Row],[BOY]]/(SK[[#This Row],[KESİLECEK PARÇA BOYU]]+$O$2)), 0) ),0) -> 0 | J40: =IFERROR( IF(SK[[#This Row],[GEREKLİ ADET]]=1, SK[[#This Row],[BOY]]-SK[[#This Row],[KESİLECEK PARÇA ADEDİ ]]*(SK[[#This Row],[KESİLECEK PARÇA BOYU]]+$O$2), IF( MOD(SK[[#This Row],[BOY]],SK[[#This Row],[KESİLECEK PARÇA BOYU]])-$O$2*INT(SK[[#This Row],[BOY]]/SK[[#This Row],[KESİLECEK PARÇA BOYU]])>$P$2, (MOD(SK[[#This Row],[BOY]],SK[[#This Row],[KESİLECEK PARÇA BOYU]])-$O$2*INT(SK[[#This Row],[BOY]]/SK[[#This Row],[KESİLECEK PARÇA BOYU]]))*SK[[#This Row],[GEREKLİ ADET]], 0 ) ) + IF(SK[[#This Row],[GEREKLİ ADET]]>1, IF( INT((SK[[#This Row],[BOY]]+$O$2)/(SK[[#This Row],[KESİLECEK PARÇA BOYU]]+$O$2))=0, 0, IF( (SK[[#This Row],[BOY]]-MOD(SK[[#This Row],[KESİLECEK PARÇA ADEDİ ]], INT((SK[[#This Row],[BOY]]+$O$2)/(SK[[#This Row],[KESİLECEK PARÇA BOYU]]+$O$2)) )*(SK[[#This Row],[KESİLECEK PARÇA BOYU]]+$O$2))>$P$2, IF( MOD(SK[[#This Row],[KESİLECEK PARÇA ADEDİ ]], INT((SK[[#This Row],[BOY]]+$O$2)/(SK[[#This Row],[KESİLECEK PARÇA BOYU]]+$O$2)))=0, 0, SK[[#This Row],[BOY]]-MOD(SK[[#This Row],[KESİLECEK PARÇA ADEDİ ]], INT((SK[[#This Row],[BOY]]+$O$2)/(SK[[#This Row],[KESİLECEK PARÇA BOYU]]+$O$2)))*(SK[[#This Row],[KESİLECEK PARÇA BOYU]]+$O$2) ), 0 ) ), 0 ), 0) -> 0 | K40: =IFERROR( IF( IF( MOD(SK[[#This Row],[BOY]],SK[[#This Row],[KESİLECEK PARÇA BOYU]])-$O$2*INT(SK[[#This Row],[BOY]]/SK[[#This Row],[KESİLECEK PARÇA BOYU]])>$P$2, (MOD(SK[[#This Row],[BOY]],SK[[#This Row],[KESİLECEK PARÇA BOYU]])-$O$2*INT(SK[[#This Row],[BOY]]/SK[[#This Row],[KESİLECEK PARÇA BOYU]])), 0 )>0,IF( MOD(SK[[#This Row],[BOY]],SK[[#This Row],[KESİLECEK PARÇA BOYU]])-$O$2*INT(SK[[#This Row],[BOY]]/SK[[#This Row],[KESİLECEK PARÇA BOYU]])>$P$2, (MOD(SK[[#This Row],[BOY]],SK[[#This Row],[KESİLECEK PARÇA BOYU]])-$O$2*INT(SK[[#This Row],[BOY]]/SK[[#This Row],[KESİLECEK PARÇA BOYU]])), 0 ),0),0) -> 0 | L40: =IFERROR(IF(SK[[#This Row],[BOY]]-(SK[[#This Row],[KESİLECEK PARÇA BOYU]]+$O$2)*MOD(SK[[#This Row],[KESİLECEK PARÇA ADEDİ ]],INT(SK[[#This Row],[BOY]]/(SK[[#This Row],[KESİLECEK PARÇA BOYU]]+$O$2)))<SK[[#This Row],[BOY]],SK[[#This Row],[BOY]]-(SK[[#This Row],[KESİLECEK PARÇA BOYU]]+$O$2)*MOD(SK[[#This Row],[KESİLECEK PARÇA ADEDİ ]],INT(SK[[#This Row],[BOY]]/(SK[[#This Row],[KESİLECEK PARÇA BOYU]]+$O$2))),0),0) -> 0
H41: =IFERROR(IF( SK[[#This Row],[KESİLECEK PARÇA ADEDİ ]]*SK[[#This Row],[KESİLECEK PARÇA BOYU]] < SK[[#This Row],[BOY]] - 3*ROUNDUP(SK[[#This Row],[BOY]]/SK[[#This Row],[KESİLECEK PARÇA BOYU]] - 1, 0), 1, ROUNDUP(SK[[#This Row],[KESİLECEK PARÇA ADEDİ ]]/INT(SK[[#This Row],[BOY]]/(SK[[#This Row],[KESİLECEK PARÇA BOYU]]+$O$2)), 0) ),0) -> 0 | J41: =IFERROR( IF(SK[[#This Row],[GEREKLİ ADET]]=1, SK[[#This Row],[BOY]]-SK[[#This Row],[KESİLECEK PARÇA ADEDİ ]]*(SK[[#This Row],[KESİLECEK PARÇA BOYU]]+$O$2), IF( MOD(SK[[#This Row],[BOY]],SK[[#This Row],[KESİLECEK PARÇA BOYU]])-$O$2*INT(SK[[#This Row],[BOY]]/SK[[#This Row],[KESİLECEK PARÇA BOYU]])>$P$2, (MOD(SK[[#This Row],[BOY]],SK[[#This Row],[KESİLECEK PARÇA BOYU]])-$O$2*INT(SK[[#This Row],[BOY]]/SK[[#This Row],[KESİLECEK PARÇA BOYU]]))*SK[[#This Row],[GEREKLİ ADET]], 0 ) ) + IF(SK[[#This Row],[GEREKLİ ADET]]>1, IF( INT((SK[[#This Row],[BOY]]+$O$2)/(SK[[#This Row],[KESİLECEK PARÇA BOYU]]+$O$2))=0, 0, IF( (SK[[#This Row],[BOY]]-MOD(SK[[#This Row],[KESİLECEK PARÇA ADEDİ ]], INT((SK[[#This Row],[BOY]]+$O$2)/(SK[[#This Row],[KESİLECEK PARÇA BOYU]]+$O$2)) )*(SK[[#This Row],[KESİLECEK PARÇA BOYU]]+$O$2))>$P$2, IF( MOD(SK[[#This Row],[KESİLECEK PARÇA ADEDİ ]], INT((SK[[#This Row],[BOY]]+$O$2)/(SK[[#This Row],[KESİLECEK PARÇA BOYU]]+$O$2)))=0, 0, SK[[#This Row],[BOY]]-MOD(SK[[#This Row],[KESİLECEK PARÇA ADEDİ ]], INT((SK[[#This Row],[BOY]]+$O$2)/(SK[[#This Row],[KESİLECEK PARÇA BOYU]]+$O$2)))*(SK[[#This Row],[KESİLECEK PARÇA BOYU]]+$O$2) ), 0 ) ), 0 ), 0) -> 0 | K41: =IFERROR( IF( IF( MOD(SK[[#This Row],[BOY]],SK[[#This Row],[KESİLECEK PARÇA BOYU]])-$O$2*INT(SK[[#This Row],[BOY]]/SK[[#This Row],[KESİLECEK PARÇA BOYU]])>$P$2, (MOD(SK[[#This Row],[BOY]],SK[[#This Row],[KESİLECEK PARÇA BOYU]])-$O$2*INT(SK[[#This Row],[BOY]]/SK[[#This Row],[KESİLECEK PARÇA BOYU]])), 0 )>0,IF( MOD(SK[[#This Row],[BOY]],SK[[#This Row],[KESİLECEK PARÇA BOYU]])-$O$2*INT(SK[[#This Row],[BOY]]/SK[[#This Row],[KESİLECEK PARÇA BOYU]])>$P$2, (MOD(SK[[#This Row],[BOY]],SK[[#This Row],[KESİLECEK PARÇA BOYU]])-$O$2*INT(SK[[#This Row],[BOY]]/SK[[#This Row],[KESİLECEK PARÇA BOYU]])), 0 ),0),0) -> 0 | L41: =IFERROR(IF(SK[[#This Row],[BOY]]-(SK[[#This Row],[KESİLECEK PARÇA BOYU]]+$O$2)*MOD(SK[[#This Row],[KESİLECEK PARÇA ADEDİ ]],INT(SK[[#This Row],[BOY]]/(SK[[#This Row],[KESİLECEK PARÇA BOYU]]+$O$2)))<SK[[#This Row],[BOY]],SK[[#This Row],[BOY]]-(SK[[#This Row],[KESİLECEK PARÇA BOYU]]+$O$2)*MOD(SK[[#This Row],[KESİLECEK PARÇA ADEDİ ]],INT(SK[[#This Row],[BOY]]/(SK[[#This Row],[KESİLECEK PARÇA BOYU]]+$O$2))),0),0) -> 0
H42: =IFERROR(IF( SK[[#This Row],[KESİLECEK PARÇA ADEDİ ]]*SK[[#This Row],[KESİLECEK PARÇA BOYU]] < SK[[#This Row],[BOY]] - 3*ROUNDUP(SK[[#This Row],[BOY]]/SK[[#This Row],[KESİLECEK PARÇA BOYU]] - 1, 0), 1, ROUNDUP(SK[[#This Row],[KESİLECEK PARÇA ADEDİ ]]/INT(SK[[#This Row],[BOY]]/(SK[[#This Row],[KESİLECEK PARÇA BOYU]]+$O$2)), 0) ),0) -> 0 | J42: =IFERROR( IF(SK[[#This Row],[GEREKLİ ADET]]=1, SK[[#This Row],[BOY]]-SK[[#This Row],[KESİLECEK PARÇA ADEDİ ]]*(SK[[#This Row],[KESİLECEK PARÇA BOYU]]+$O$2), IF( MOD(SK[[#This Row],[BOY]],SK[[#This Row],[KESİLECEK PARÇA BOYU]])-$O$2*INT(SK[[#This Row],[BOY]]/SK[[#This Row],[KESİLECEK PARÇA BOYU]])>$P$2, (MOD(SK[[#This Row],[BOY]],SK[[#This Row],[KESİLECEK PARÇA BOYU]])-$O$2*INT(SK[[#This Row],[BOY]]/SK[[#This Row],[KESİLECEK PARÇA BOYU]]))*SK[[#This Row],[GEREKLİ ADET]], 0 ) ) + IF(SK[[#This Row],[GEREKLİ ADET]]>1, IF( INT((SK[[#This Row],[BOY]]+$O$2)/(SK[[#This Row],[KESİLECEK PARÇA BOYU]]+$O$2))=0, 0, IF( (SK[[#This Row],[BOY]]-MOD(SK[[#This Row],[KESİLECEK PARÇA ADEDİ ]], INT((SK[[#This Row],[BOY]]+$O$2)/(SK[[#This Row],[KESİLECEK PARÇA BOYU]]+$O$2)) )*(SK[[#This Row],[KESİLECEK PARÇA BOYU]]+$O$2))>$P$2, IF( MOD(SK[[#This Row],[KESİLECEK PARÇA ADEDİ ]], INT((SK[[#This Row],[BOY]]+$O$2)/(SK[[#This Row],[KESİLECEK PARÇA BOYU]]+$O$2)))=0, 0, SK[[#This Row],[BOY]]-MOD(SK[[#This Row],[KESİLECEK PARÇA ADEDİ ]], INT((SK[[#This Row],[BOY]]+$O$2)/(SK[[#This Row],[KESİLECEK PARÇA BOYU]]+$O$2)))*(SK[[#This Row],[KESİLECEK PARÇA BOYU]]+$O$2) ), 0 ) ), 0 ), 0) -> 0 | K42: =IFERROR( IF( IF( MOD(SK[[#This Row],[BOY]],SK[[#This Row],[KESİLECEK PARÇA BOYU]])-$O$2*INT(SK[[#This Row],[BOY]]/SK[[#This Row],[KESİLECEK PARÇA BOYU]])>$P$2, (MOD(SK[[#This Row],[BOY]],SK[[#This Row],[KESİLECEK PARÇA BOYU]])-$O$2*INT(SK[[#This Row],[BOY]]/SK[[#This Row],[KESİLECEK PARÇA BOYU]])), 0 )>0,IF( MOD(SK[[#This Row],[BOY]],SK[[#This Row],[KESİLECEK PARÇA BOYU]])-$O$2*INT(SK[[#This Row],[BOY]]/SK[[#This Row],[KESİLECEK PARÇA BOYU]])>$P$2, (MOD(SK[[#This Row],[BOY]],SK[[#This Row],[KESİLECEK PARÇA BOYU]])-$O$2*INT(SK[[#This Row],[BOY]]/SK[[#This Row],[KESİLECEK PARÇA BOYU]])), 0 ),0),0) -> 0 | L42: =IFERROR(IF(SK[[#This Row],[BOY]]-(SK[[#This Row],[KESİLECEK PARÇA BOYU]]+$O$2)*MOD(SK[[#This Row],[KESİLECEK PARÇA ADEDİ ]],INT(SK[[#This Row],[BOY]]/(SK[[#This Row],[KESİLECEK PARÇA BOYU]]+$O$2)))<SK[[#This Row],[BOY]],SK[[#This Row],[BOY]]-(SK[[#This Row],[KESİLECEK PARÇA BOYU]]+$O$2)*MOD(SK[[#This Row],[KESİLECEK PARÇA ADEDİ ]],INT(SK[[#This Row],[BOY]]/(SK[[#This Row],[KESİLECEK PARÇA BOYU]]+$O$2))),0),0) -> 0
H43: =IFERROR(IF( SK[[#This Row],[KESİLECEK PARÇA ADEDİ ]]*SK[[#This Row],[KESİLECEK PARÇA BOYU]] < SK[[#This Row],[BOY]] - 3*ROUNDUP(SK[[#This Row],[BOY]]/SK[[#This Row],[KESİLECEK PARÇA BOYU]] - 1, 0), 1, ROUNDUP(SK[[#This Row],[KESİLECEK PARÇA ADEDİ ]]/INT(SK[[#This Row],[BOY]]/(SK[[#This Row],[KESİLECEK PARÇA BOYU]]+$O$2)), 0) ),0) -> 0 | J43: =IFERROR( IF(SK[[#This Row],[GEREKLİ ADET]]=1, SK[[#This Row],[BOY]]-SK[[#This Row],[KESİLECEK PARÇA ADEDİ ]]*(SK[[#This Row],[KESİLECEK PARÇA BOYU]]+$O$2), IF( MOD(SK[[#This Row],[BOY]],SK[[#This Row],[KESİLECEK PARÇA BOYU]])-$O$2*INT(SK[[#This Row],[BOY]]/SK[[#This Row],[KESİLECEK PARÇA BOYU]])>$P$2, (MOD(SK[[#This Row],[BOY]],SK[[#This Row],[KESİLECEK PARÇA BOYU]])-$O$2*INT(SK[[#This Row],[BOY]]/SK[[#This Row],[KESİLECEK PARÇA BOYU]]))*SK[[#This Row],[GEREKLİ ADET]], 0 ) ) + IF(SK[[#This Row],[GEREKLİ ADET]]>1, IF( INT((SK[[#This Row],[BOY]]+$O$2)/(SK[[#This Row],[KESİLECEK PARÇA BOYU]]+$O$2))=0, 0, IF( (SK[[#This Row],[BOY]]-MOD(SK[[#This Row],[KESİLECEK PARÇA ADEDİ ]], INT((SK[[#This Row],[BOY]]+$O$2)/(SK[[#This Row],[KESİLECEK PARÇA BOYU]]+$O$2)) )*(SK[[#This Row],[KESİLECEK PARÇA BOYU]]+$O$2))>$P$2, IF( MOD(SK[[#This Row],[KESİLECEK PARÇA ADEDİ ]], INT((SK[[#This Row],[BOY]]+$O$2)/(SK[[#This Row],[KESİLECEK PARÇA BOYU]]+$O$2)))=0, 0, SK[[#This Row],[BOY]]-MOD(SK[[#This Row],[KESİLECEK PARÇA ADEDİ ]], INT((SK[[#This Row],[BOY]]+$O$2)/(SK[[#This Row],[KESİLECEK PARÇA BOYU]]+$O$2)))*(SK[[#This Row],[KESİLECEK PARÇA BOYU]]+$O$2) ), 0 ) ), 0 ), 0) -> 0 | K43: =IFERROR( IF( IF( MOD(SK[[#This Row],[BOY]],SK[[#This Row],[KESİLECEK PARÇA BOYU]])-$O$2*INT(SK[[#This Row],[BOY]]/SK[[#This Row],[KESİLECEK PARÇA BOYU]])>$P$2, (MOD(SK[[#This Row],[BOY]],SK[[#This Row],[KESİLECEK PARÇA BOYU]])-$O$2*INT(SK[[#This Row],[BOY]]/SK[[#This Row],[KESİLECEK PARÇA BOYU]])), 0 )>0,IF( MOD(SK[[#This Row],[BOY]],SK[[#This Row],[KESİLECEK PARÇA BOYU]])-$O$2*INT(SK[[#This Row],[BOY]]/SK[[#This Row],[KESİLECEK PARÇA BOYU]])>$P$2, (MOD(SK[[#This Row],[BOY]],SK[[#This Row],[KESİLECEK PARÇA BOYU]])-$O$2*INT(SK[[#This Row],[BOY]]/SK[[#This Row],[KESİLECEK PARÇA BOYU]])), 0 ),0),0) -> 0 | L43: =IFERROR(IF(SK[[#This Row],[BOY]]-(SK[[#This Row],[KESİLECEK PARÇA BOYU]]+$O$2)*MOD(SK[[#This Row],[KESİLECEK PARÇA ADEDİ ]],INT(SK[[#This Row],[BOY]]/(SK[[#This Row],[KESİLECEK PARÇA BOYU]]+$O$2)))<SK[[#This Row],[BOY]],SK[[#This Row],[BOY]]-(SK[[#This Row],[KESİLECEK PARÇA BOYU]]+$O$2)*MOD(SK[[#This Row],[KESİLECEK PARÇA ADEDİ ]],INT(SK[[#This Row],[BOY]]/(SK[[#This Row],[KESİLECEK PARÇA BOYU]]+$O$2))),0),0) -> 0
H44: =IFERROR(IF( SK[[#This Row],[KESİLECEK PARÇA ADEDİ ]]*SK[[#This Row],[KESİLECEK PARÇA BOYU]] < SK[[#This Row],[BOY]] - 3*ROUNDUP(SK[[#This Row],[BOY]]/SK[[#This Row],[KESİLECEK PARÇA BOYU]] - 1, 0), 1, ROUNDUP(SK[[#This Row],[KESİLECEK PARÇA ADEDİ ]]/INT(SK[[#This Row],[BOY]]/(SK[[#This Row],[KESİLECEK PARÇA BOYU]]+$O$2)), 0) ),0) -> 0 | J44: =IFERROR( IF(SK[[#This Row],[GEREKLİ ADET]]=1, SK[[#This Row],[BOY]]-SK[[#This Row],[KESİLECEK PARÇA ADEDİ ]]*(SK[[#This Row],[KESİLECEK PARÇA BOYU]]+$O$2), IF( MOD(SK[[#This Row],[BOY]],SK[[#This Row],[KESİLECEK PARÇA BOYU]])-$O$2*INT(SK[[#This Row],[BOY]]/SK[[#This Row],[KESİLECEK PARÇA BOYU]])>$P$2, (MOD(SK[[#This Row],[BOY]],SK[[#This Row],[KESİLECEK PARÇA BOYU]])-$O$2*INT(SK[[#This Row],[BOY]]/SK[[#This Row],[KESİLECEK PARÇA BOYU]]))*SK[[#This Row],[GEREKLİ ADET]], 0 ) ) + IF(SK[[#This Row],[GEREKLİ ADET]]>1, IF( INT((SK[[#This Row],[BOY]]+$O$2)/(SK[[#This Row],[KESİLECEK PARÇA BOYU]]+$O$2))=0, 0, IF( (SK[[#This Row],[BOY]]-MOD(SK[[#This Row],[KESİLECEK PARÇA ADEDİ ]], INT((SK[[#This Row],[BOY]]+$O$2)/(SK[[#This Row],[KESİLECEK PARÇA BOYU]]+$O$2)) )*(SK[[#This Row],[KESİLECEK PARÇA BOYU]]+$O$2))>$P$2, IF( MOD(SK[[#This Row],[KESİLECEK PARÇA ADEDİ ]], INT((SK[[#This Row],[BOY]]+$O$2)/(SK[[#This Row],[KESİLECEK PARÇA BOYU]]+$O$2)))=0, 0, SK[[#This Row],[BOY]]-MOD(SK[[#This Row],[KESİLECEK PARÇA ADEDİ ]], INT((SK[[#This Row],[BOY]]+$O$2)/(SK[[#This Row],[KESİLECEK PARÇA BOYU]]+$O$2)))*(SK[[#This Row],[KESİLECEK PARÇA BOYU]]+$O$2) ), 0 ) ), 0 ), 0) -> 0 | K44: =IFERROR( IF( IF( MOD(SK[[#This Row],[BOY]],SK[[#This Row],[KESİLECEK PARÇA BOYU]])-$O$2*INT(SK[[#This Row],[BOY]]/SK[[#This Row],[KESİLECEK PARÇA BOYU]])>$P$2, (MOD(SK[[#This Row],[BOY]],SK[[#This Row],[KESİLECEK PARÇA BOYU]])-$O$2*INT(SK[[#This Row],[BOY]]/SK[[#This Row],[KESİLECEK PARÇA BOYU]])), 0 )>0,IF( MOD(SK[[#This Row],[BOY]],SK[[#This Row],[KESİLECEK PARÇA BOYU]])-$O$2*INT(SK[[#This Row],[BOY]]/SK[[#This Row],[KESİLECEK PARÇA BOYU]])>$P$2, (MOD(SK[[#This Row],[BOY]],SK[[#This Row],[KESİLECEK PARÇA BOYU]])-$O$2*INT(SK[[#This Row],[BOY]]/SK[[#This Row],[KESİLECEK PARÇA BOYU]])), 0 ),0),0) -> 0 | L44: =IFERROR(IF(SK[[#This Row],[BOY]]-(SK[[#This Row],[KESİLECEK PARÇA BOYU]]+$O$2)*MOD(SK[[#This Row],[KESİLECEK PARÇA ADEDİ ]],INT(SK[[#This Row],[BOY]]/(SK[[#This Row],[KESİLECEK PARÇA BOYU]]+$O$2)))<SK[[#This Row],[BOY]],SK[[#This Row],[BOY]]-(SK[[#This Row],[KESİLECEK PARÇA BOYU]]+$O$2)*MOD(SK[[#This Row],[KESİLECEK PARÇA ADEDİ ]],INT(SK[[#This Row],[BOY]]/(SK[[#This Row],[KESİLECEK PARÇA BOYU]]+$O$2))),0),0) -> 0
H45: =IFERROR(IF( SK[[#This Row],[KESİLECEK PARÇA ADEDİ ]]*SK[[#This Row],[KESİLECEK PARÇA BOYU]] < SK[[#This Row],[BOY]] - 3*ROUNDUP(SK[[#This Row],[BOY]]/SK[[#This Row],[KESİLECEK PARÇA BOYU]] - 1, 0), 1, ROUNDUP(SK[[#This Row],[KESİLECEK PARÇA ADEDİ ]]/INT(SK[[#This Row],[BOY]]/(SK[[#This Row],[KESİLECEK PARÇA BOYU]]+$O$2)), 0) ),0) -> 0 | J45: =IFERROR( IF(SK[[#This Row],[GEREKLİ ADET]]=1, SK[[#This Row],[BOY]]-SK[[#This Row],[KESİLECEK PARÇA ADEDİ ]]*(SK[[#This Row],[KESİLECEK PARÇA BOYU]]+$O$2), IF( MOD(SK[[#This Row],[BOY]],SK[[#This Row],[KESİLECEK PARÇA BOYU]])-$O$2*INT(SK[[#This Row],[BOY]]/SK[[#This Row],[KESİLECEK PARÇA BOYU]])>$P$2, (MOD(SK[[#This Row],[BOY]],SK[[#This Row],[KESİLECEK PARÇA BOYU]])-$O$2*INT(SK[[#This Row],[BOY]]/SK[[#This Row],[KESİLECEK PARÇA BOYU]]))*SK[[#This Row],[GEREKLİ ADET]], 0 ) ) + IF(SK[[#This Row],[GEREKLİ ADET]]>1, IF( INT((SK[[#This Row],[BOY]]+$O$2)/(SK[[#This Row],[KESİLECEK PARÇA BOYU]]+$O$2))=0, 0, IF( (SK[[#This Row],[BOY]]-MOD(SK[[#This Row],[KESİLECEK PARÇA ADEDİ ]], INT((SK[[#This Row],[BOY]]+$O$2)/(SK[[#This Row],[KESİLECEK PARÇA BOYU]]+$O$2)) )*(SK[[#This Row],[KESİLECEK PARÇA BOYU]]+$O$2))>$P$2, IF( MOD(SK[[#This Row],[KESİLECEK PARÇA ADEDİ ]], INT((SK[[#This Row],[BOY]]+$O$2)/(SK[[#This Row],[KESİLECEK PARÇA BOYU]]+$O$2)))=0, 0, SK[[#This Row],[BOY]]-MOD(SK[[#This Row],[KESİLECEK PARÇA ADEDİ ]], INT((SK[[#This Row],[BOY]]+$O$2)/(SK[[#This Row],[KESİLECEK PARÇA BOYU]]+$O$2)))*(SK[[#This Row],[KESİLECEK PARÇA BOYU]]+$O$2) ), 0 ) ), 0 ), 0) -> 0 | K45: =IFERROR( IF( IF( MOD(SK[[#This Row],[BOY]],SK[[#This Row],[KESİLECEK PARÇA BOYU]])-$O$2*INT(SK[[#This Row],[BOY]]/SK[[#This Row],[KESİLECEK PARÇA BOYU]])>$P$2, (MOD(SK[[#This Row],[BOY]],SK[[#This Row],[KESİLECEK PARÇA BOYU]])-$O$2*INT(SK[[#This Row],[BOY]]/SK[[#This Row],[KESİLECEK PARÇA BOYU]])), 0 )>0,IF( MOD(SK[[#This Row],[BOY]],SK[[#This Row],[KESİLECEK PARÇA BOYU]])-$O$2*INT(SK[[#This Row],[BOY]]/SK[[#This Row],[KESİLECEK PARÇA BOYU]])>$P$2, (MOD(SK[[#This Row],[BOY]],SK[[#This Row],[KESİLECEK PARÇA BOYU]])-$O$2*INT(SK[[#This Row],[BOY]]/SK[[#This Row],[KESİLECEK PARÇA BOYU]])), 0 ),0),0) -> 0 | L45: =IFERROR(IF(SK[[#This Row],[BOY]]-(SK[[#This Row],[KESİLECEK PARÇA BOYU]]+$O$2)*MOD(SK[[#This Row],[KESİLECEK PARÇA ADEDİ ]],INT(SK[[#This Row],[BOY]]/(SK[[#This Row],[KESİLECEK PARÇA BOYU]]+$O$2)))<SK[[#This Row],[BOY]],SK[[#This Row],[BOY]]-(SK[[#This Row],[KESİLECEK PARÇA BOYU]]+$O$2)*MOD(SK[[#This Row],[KESİLECEK PARÇA ADEDİ ]],INT(SK[[#This Row],[BOY]]/(SK[[#This Row],[KESİLECEK PARÇA BOYU]]+$O$2))),0),0) -> 0
H46: =IFERROR(IF( SK[[#This Row],[KESİLECEK PARÇA ADEDİ ]]*SK[[#This Row],[KESİLECEK PARÇA BOYU]] < SK[[#This Row],[BOY]] - 3*ROUNDUP(SK[[#This Row],[BOY]]/SK[[#This Row],[KESİLECEK PARÇA BOYU]] - 1, 0), 1, ROUNDUP(SK[[#This Row],[KESİLECEK PARÇA ADEDİ ]]/INT(SK[[#This Row],[BOY]]/(SK[[#This Row],[KESİLECEK PARÇA BOYU]]+$O$2)), 0) ),0) -> 0 | J46: =IFERROR( IF(SK[[#This Row],[GEREKLİ ADET]]=1, SK[[#This Row],[BOY]]-SK[[#This Row],[KESİLECEK PARÇA ADEDİ ]]*(SK[[#This Row],[KESİLECEK PARÇA BOYU]]+$O$2), IF( MOD(SK[[#This Row],[BOY]],SK[[#This Row],[KESİLECEK PARÇA BOYU]])-$O$2*INT(SK[[#This Row],[BOY]]/SK[[#This Row],[KESİLECEK PARÇA BOYU]])>$P$2, (MOD(SK[[#This Row],[BOY]],SK[[#This Row],[KESİLECEK PARÇA BOYU]])-$O$2*INT(SK[[#This Row],[BOY]]/SK[[#This Row],[KESİLECEK PARÇA BOYU]]))*SK[[#This Row],[GEREKLİ ADET]], 0 ) ) + IF(SK[[#This Row],[GEREKLİ ADET]]>1, IF( INT((SK[[#This Row],[BOY]]+$O$2)/(SK[[#This Row],[KESİLECEK PARÇA BOYU]]+$O$2))=0, 0, IF( (SK[[#This Row],[BOY]]-MOD(SK[[#This Row],[KESİLECEK PARÇA ADEDİ ]], INT((SK[[#This Row],[BOY]]+$O$2)/(SK[[#This Row],[KESİLECEK PARÇA BOYU]]+$O$2)) )*(SK[[#This Row],[KESİLECEK PARÇA BOYU]]+$O$2))>$P$2, IF( MOD(SK[[#This Row],[KESİLECEK PARÇA ADEDİ ]], INT((SK[[#This Row],[BOY]]+$O$2)/(SK[[#This Row],[KESİLECEK PARÇA BOYU]]+$O$2)))=0, 0, SK[[#This Row],[BOY]]-MOD(SK[[#This Row],[KESİLECEK PARÇA ADEDİ ]], INT((SK[[#This Row],[BOY]]+$O$2)/(SK[[#This Row],[KESİLECEK PARÇA BOYU]]+$O$2)))*(SK[[#This Row],[KESİLECEK PARÇA BOYU]]+$O$2) ), 0 ) ), 0 ), 0) -> 0 | K46: =IFERROR( IF( IF( MOD(SK[[#This Row],[BOY]],SK[[#This Row],[KESİLECEK PARÇA BOYU]])-$O$2*INT(SK[[#This Row],[BOY]]/SK[[#This Row],[KESİLECEK PARÇA BOYU]])>$P$2, (MOD(SK[[#This Row],[BOY]],SK[[#This Row],[KESİLECEK PARÇA BOYU]])-$O$2*INT(SK[[#This Row],[BOY]]/SK[[#This Row],[KESİLECEK PARÇA BOYU]])), 0 )>0,IF( MOD(SK[[#This Row],[BOY]],SK[[#This Row],[KESİLECEK PARÇA BOYU]])-$O$2*INT(SK[[#This Row],[BOY]]/SK[[#This Row],[KESİLECEK PARÇA BOYU]])>$P$2, (MOD(SK[[#This Row],[BOY]],SK[[#This Row],[KESİLECEK PARÇA BOYU]])-$O$2*INT(SK[[#This Row],[BOY]]/SK[[#This Row],[KESİLECEK PARÇA BOYU]])), 0 ),0),0) -> 0 | L46: =IFERROR(IF(SK[[#This Row],[BOY]]-(SK[[#This Row],[KESİLECEK PARÇA BOYU]]+$O$2)*MOD(SK[[#This Row],[KESİLECEK PARÇA ADEDİ ]],INT(SK[[#This Row],[BOY]]/(SK[[#This Row],[KESİLECEK PARÇA BOYU]]+$O$2)))<SK[[#This Row],[BOY]],SK[[#This Row],[BOY]]-(SK[[#This Row],[KESİLECEK PARÇA BOYU]]+$O$2)*MOD(SK[[#This Row],[KESİLECEK PARÇA ADEDİ ]],INT(SK[[#This Row],[BOY]]/(SK[[#This Row],[KESİLECEK PARÇA BOYU]]+$O$2))),0),0) -> 0
H47: =IFERROR(IF( SK[[#This Row],[KESİLECEK PARÇA ADEDİ ]]*SK[[#This Row],[KESİLECEK PARÇA BOYU]] < SK[[#This Row],[BOY]] - 3*ROUNDUP(SK[[#This Row],[BOY]]/SK[[#This Row],[KESİLECEK PARÇA BOYU]] - 1, 0), 1, ROUNDUP(SK[[#This Row],[KESİLECEK PARÇA ADEDİ ]]/INT(SK[[#This Row],[BOY]]/(SK[[#This Row],[KESİLECEK PARÇA BOYU]]+$O$2)), 0) ),0) -> 0 | J47: =IFERROR( IF(SK[[#This Row],[GEREKLİ ADET]]=1, SK[[#This Row],[BOY]]-SK[[#This Row],[KESİLECEK PARÇA ADEDİ ]]*(SK[[#This Row],[KESİLECEK PARÇA BOYU]]+$O$2), IF( MOD(SK[[#This Row],[BOY]],SK[[#This Row],[KESİLECEK PARÇA BOYU]])-$O$2*INT(SK[[#This Row],[BOY]]/SK[[#This Row],[KESİLECEK PARÇA BOYU]])>$P$2, (MOD(SK[[#This Row],[BOY]],SK[[#This Row],[KESİLECEK PARÇA BOYU]])-$O$2*INT(SK[[#This Row],[BOY]]/SK[[#This Row],[KESİLECEK PARÇA BOYU]]))*SK[[#This Row],[GEREKLİ ADET]], 0 ) ) + IF(SK[[#This Row],[GEREKLİ ADET]]>1, IF( INT((SK[[#This Row],[BOY]]+$O$2)/(SK[[#This Row],[KESİLECEK PARÇA BOYU]]+$O$2))=0, 0, IF( (SK[[#This Row],[BOY]]-MOD(SK[[#This Row],[KESİLECEK PARÇA ADEDİ ]], INT((SK[[#This Row],[BOY]]+$O$2)/(SK[[#This Row],[KESİLECEK PARÇA BOYU]]+$O$2)) )*(SK[[#This Row],[KESİLECEK PARÇA BOYU]]+$O$2))>$P$2, IF( MOD(SK[[#This Row],[KESİLECEK PARÇA ADEDİ ]], INT((SK[[#This Row],[BOY]]+$O$2)/(SK[[#This Row],[KESİLECEK PARÇA BOYU]]+$O$2)))=0, 0, SK[[#This Row],[BOY]]-MOD(SK[[#This Row],[KESİLECEK PARÇA ADEDİ ]], INT((SK[[#This Row],[BOY]]+$O$2)/(SK[[#This Row],[KESİLECEK PARÇA BOYU]]+$O$2)))*(SK[[#This Row],[KESİLECEK PARÇA BOYU]]+$O$2) ), 0 ) ), 0 ), 0) -> 0 | K47: =IFERROR( IF( IF( MOD(SK[[#This Row],[BOY]],SK[[#This Row],[KESİLECEK PARÇA BOYU]])-$O$2*INT(SK[[#This Row],[BOY]]/SK[[#This Row],[KESİLECEK PARÇA BOYU]])>$P$2, (MOD(SK[[#This Row],[BOY]],SK[[#This Row],[KESİLECEK PARÇA BOYU]])-$O$2*INT(SK[[#This Row],[BOY]]/SK[[#This Row],[KESİLECEK PARÇA BOYU]])), 0 )>0,IF( MOD(SK[[#This Row],[BOY]],SK[[#This Row],[KESİLECEK PARÇA BOYU]])-$O$2*INT(SK[[#This Row],[BOY]]/SK[[#This Row],[KESİLECEK PARÇA BOYU]])>$P$2, (MOD(SK[[#This Row],[BOY]],SK[[#This Row],[KESİLECEK PARÇA BOYU]])-$O$2*INT(SK[[#This Row],[BOY]]/SK[[#This Row],[KESİLECEK PARÇA BOYU]])), 0 ),0),0) -> 0 | L47: =IFERROR(IF(SK[[#This Row],[BOY]]-(SK[[#This Row],[KESİLECEK PARÇA BOYU]]+$O$2)*MOD(SK[[#This Row],[KESİLECEK PARÇA ADEDİ ]],INT(SK[[#This Row],[BOY]]/(SK[[#This Row],[KESİLECEK PARÇA BOYU]]+$O$2)))<SK[[#This Row],[BOY]],SK[[#This Row],[BOY]]-(SK[[#This Row],[KESİLECEK PARÇA BOYU]]+$O$2)*MOD(SK[[#This Row],[KESİLECEK PARÇA ADEDİ ]],INT(SK[[#This Row],[BOY]]/(SK[[#This Row],[KESİLECEK PARÇA BOYU]]+$O$2))),0),0) -> 0
H48: =IFERROR(IF( SK[[#This Row],[KESİLECEK PARÇA ADEDİ ]]*SK[[#This Row],[KESİLECEK PARÇA BOYU]] < SK[[#This Row],[BOY]] - 3*ROUNDUP(SK[[#This Row],[BOY]]/SK[[#This Row],[KESİLECEK PARÇA BOYU]] - 1, 0), 1, ROUNDUP(SK[[#This Row],[KESİLECEK PARÇA ADEDİ ]]/INT(SK[[#This Row],[BOY]]/(SK[[#This Row],[KESİLECEK PARÇA BOYU]]+$O$2)), 0) ),0) -> 0 | J48: =IFERROR( IF(SK[[#This Row],[GEREKLİ ADET]]=1, SK[[#This Row],[BOY]]-SK[[#This Row],[KESİLECEK PARÇA ADEDİ ]]*(SK[[#This Row],[KESİLECEK PARÇA BOYU]]+$O$2), IF( MOD(SK[[#This Row],[BOY]],SK[[#This Row],[KESİLECEK PARÇA BOYU]])-$O$2*INT(SK[[#This Row],[BOY]]/SK[[#This Row],[KESİLECEK PARÇA BOYU]])>$P$2, (MOD(SK[[#This Row],[BOY]],SK[[#This Row],[KESİLECEK PARÇA BOYU]])-$O$2*INT(SK[[#This Row],[BOY]]/SK[[#This Row],[KESİLECEK PARÇA BOYU]]))*SK[[#This Row],[GEREKLİ ADET]], 0 ) ) + IF(SK[[#This Row],[GEREKLİ ADET]]>1, IF( INT((SK[[#This Row],[BOY]]+$O$2)/(SK[[#This Row],[KESİLECEK PARÇA BOYU]]+$O$2))=0, 0, IF( (SK[[#This Row],[BOY]]-MOD(SK[[#This Row],[KESİLECEK PARÇA ADEDİ ]], INT((SK[[#This Row],[BOY]]+$O$2)/(SK[[#This Row],[KESİLECEK PARÇA BOYU]]+$O$2)) )*(SK[[#This Row],[KESİLECEK PARÇA BOYU]]+$O$2))>$P$2, IF( MOD(SK[[#This Row],[KESİLECEK PARÇA ADEDİ ]], INT((SK[[#This Row],[BOY]]+$O$2)/(SK[[#This Row],[KESİLECEK PARÇA BOYU]]+$O$2)))=0, 0, SK[[#This Row],[BOY]]-MOD(SK[[#This Row],[KESİLECEK PARÇA ADEDİ ]], INT((SK[[#This Row],[BOY]]+$O$2)/(SK[[#This Row],[KESİLECEK PARÇA BOYU]]+$O$2)))*(SK[[#This Row],[KESİLECEK PARÇA BOYU]]+$O$2) ), 0 ) ), 0 ), 0) -> 0 | K48: =IFERROR( IF( IF( MOD(SK[[#This Row],[BOY]],SK[[#This Row],[KESİLECEK PARÇA BOYU]])-$O$2*INT(SK[[#This Row],[BOY]]/SK[[#This Row],[KESİLECEK PARÇA BOYU]])>$P$2, (MOD(SK[[#This Row],[BOY]],SK[[#This Row],[KESİLECEK PARÇA BOYU]])-$O$2*INT(SK[[#This Row],[BOY]]/SK[[#This Row],[KESİLECEK PARÇA BOYU]])), 0 )>0,IF( MOD(SK[[#This Row],[BOY]],SK[[#This Row],[KESİLECEK PARÇA BOYU]])-$O$2*INT(SK[[#This Row],[BOY]]/SK[[#This Row],[KESİLECEK PARÇA BOYU]])>$P$2, (MOD(SK[[#This Row],[BOY]],SK[[#This Row],[KESİLECEK PARÇA BOYU]])-$O$2*INT(SK[[#This Row],[BOY]]/SK[[#This Row],[KESİLECEK PARÇA BOYU]])), 0 ),0),0) -> 0 | L48: =IFERROR(IF(SK[[#This Row],[BOY]]-(SK[[#This Row],[KESİLECEK PARÇA BOYU]]+$O$2)*MOD(SK[[#This Row],[KESİLECEK PARÇA ADEDİ ]],INT(SK[[#This Row],[BOY]]/(SK[[#This Row],[KESİLECEK PARÇA BOYU]]+$O$2)))<SK[[#This Row],[BOY]],SK[[#This Row],[BOY]]-(SK[[#This Row],[KESİLECEK PARÇA BOYU]]+$O$2)*MOD(SK[[#This Row],[KESİLECEK PARÇA ADEDİ ]],INT(SK[[#This Row],[BOY]]/(SK[[#This Row],[KESİLECEK PARÇA BOYU]]+$O$2))),0),0) -> 0
H49: =IFERROR(IF( SK[[#This Row],[KESİLECEK PARÇA ADEDİ ]]*SK[[#This Row],[KESİLECEK PARÇA BOYU]] < SK[[#This Row],[BOY]] - 3*ROUNDUP(SK[[#This Row],[BOY]]/SK[[#This Row],[KESİLECEK PARÇA BOYU]] - 1, 0), 1, ROUNDUP(SK[[#This Row],[KESİLECEK PARÇA ADEDİ ]]/INT(SK[[#This Row],[BOY]]/(SK[[#This Row],[KESİLECEK PARÇA BOYU]]+$O$2)), 0) ),0) -> 0 | J49: =IFERROR( IF(SK[[#This Row],[GEREKLİ ADET]]=1, SK[[#This Row],[BOY]]-SK[[#This Row],[KESİLECEK PARÇA ADEDİ ]]*(SK[[#This Row],[KESİLECEK PARÇA BOYU]]+$O$2), IF( MOD(SK[[#This Row],[BOY]],SK[[#This Row],[KESİLECEK PARÇA BOYU]])-$O$2*INT(SK[[#This Row],[BOY]]/SK[[#This Row],[KESİLECEK PARÇA BOYU]])>$P$2, (MOD(SK[[#This Row],[BOY]],SK[[#This Row],[KESİLECEK PARÇA BOYU]])-$O$2*INT(SK[[#This Row],[BOY]]/SK[[#This Row],[KESİLECEK PARÇA BOYU]]))*SK[[#This Row],[GEREKLİ ADET]], 0 ) ) + IF(SK[[#This Row],[GEREKLİ ADET]]>1, IF( INT((SK[[#This Row],[BOY]]+$O$2)/(SK[[#This Row],[KESİLECEK PARÇA BOYU]]+$O$2))=0, 0, IF( (SK[[#This Row],[BOY]]-MOD(SK[[#This Row],[KESİLECEK PARÇA ADEDİ ]], INT((SK[[#This Row],[BOY]]+$O$2)/(SK[[#This Row],[KESİLECEK PARÇA BOYU]]+$O$2)) )*(SK[[#This Row],[KESİLECEK PARÇA BOYU]]+$O$2))>$P$2, IF( MOD(SK[[#This Row],[KESİLECEK PARÇA ADEDİ ]], INT((SK[[#This Row],[BOY]]+$O$2)/(SK[[#This Row],[KESİLECEK PARÇA BOYU]]+$O$2)))=0, 0, SK[[#This Row],[BOY]]-MOD(SK[[#This Row],[KESİLECEK PARÇA ADEDİ ]], INT((SK[[#This Row],[BOY]]+$O$2)/(SK[[#This Row],[KESİLECEK PARÇA BOYU]]+$O$2)))*(SK[[#This Row],[KESİLECEK PARÇA BOYU]]+$O$2) ), 0 ) ), 0 ), 0) -> 0 | K49: =IFERROR( IF( IF( MOD(SK[[#This Row],[BOY]],SK[[#This Row],[KESİLECEK PARÇA BOYU]])-$O$2*INT(SK[[#This Row],[BOY]]/SK[[#This Row],[KESİLECEK PARÇA BOYU]])>$P$2, (MOD(SK[[#This Row],[BOY]],SK[[#This Row],[KESİLECEK PARÇA BOYU]])-$O$2*INT(SK[[#This Row],[BOY]]/SK[[#This Row],[KESİLECEK PARÇA BOYU]])), 0 )>0,IF( MOD(SK[[#This Row],[BOY]],SK[[#This Row],[KESİLECEK PARÇA BOYU]])-$O$2*INT(SK[[#This Row],[BOY]]/SK[[#This Row],[KESİLECEK PARÇA BOYU]])>$P$2, (MOD(SK[[#This Row],[BOY]],SK[[#This Row],[KESİLECEK PARÇA BOYU]])-$O$2*INT(SK[[#This Row],[BOY]]/SK[[#This Row],[KESİLECEK PARÇA BOYU]])), 0 ),0),0) -> 0 | L49: =IFERROR(IF(SK[[#This Row],[BOY]]-(SK[[#This Row],[KESİLECEK PARÇA BOYU]]+$O$2)*MOD(SK[[#This Row],[KESİLECEK PARÇA ADEDİ ]],INT(SK[[#This Row],[BOY]]/(SK[[#This Row],[KESİLECEK PARÇA BOYU]]+$O$2)))<SK[[#This Row],[BOY]],SK[[#This Row],[BOY]]-(SK[[#This Row],[KESİLECEK PARÇA BOYU]]+$O$2)*MOD(SK[[#This Row],[KESİLECEK PARÇA ADEDİ ]],INT(SK[[#This Row],[BOY]]/(SK[[#This Row],[KESİLECEK PARÇA BOYU]]+$O$2))),0),0) -> 0
H50: =IFERROR(IF( SK[[#This Row],[KESİLECEK PARÇA ADEDİ ]]*SK[[#This Row],[KESİLECEK PARÇA BOYU]] < SK[[#This Row],[BOY]] - 3*ROUNDUP(SK[[#This Row],[BOY]]/SK[[#This Row],[KESİLECEK PARÇA BOYU]] - 1, 0), 1, ROUNDUP(SK[[#This Row],[KESİLECEK PARÇA ADEDİ ]]/INT(SK[[#This Row],[BOY]]/(SK[[#This Row],[KESİLECEK PARÇA BOYU]]+$O$2)), 0) ),0) -> 0 | J50: =IFERROR( IF(SK[[#This Row],[GEREKLİ ADET]]=1, SK[[#This Row],[BOY]]-SK[[#This Row],[KESİLECEK PARÇA ADEDİ ]]*(SK[[#This Row],[KESİLECEK PARÇA BOYU]]+$O$2), IF( MOD(SK[[#This Row],[BOY]],SK[[#This Row],[KESİLECEK PARÇA BOYU]])-$O$2*INT(SK[[#This Row],[BOY]]/SK[[#This Row],[KESİLECEK PARÇA BOYU]])>$P$2, (MOD(SK[[#This Row],[BOY]],SK[[#This Row],[KESİLECEK PARÇA BOYU]])-$O$2*INT(SK[[#This Row],[BOY]]/SK[[#This Row],[KESİLECEK PARÇA BOYU]]))*SK[[#This Row],[GEREKLİ ADET]], 0 ) ) + IF(SK[[#This Row],[GEREKLİ ADET]]>1, IF( INT((SK[[#This Row],[BOY]]+$O$2)/(SK[[#This Row],[KESİLECEK PARÇA BOYU]]+$O$2))=0, 0, IF( (SK[[#This Row],[BOY]]-MOD(SK[[#This Row],[KESİLECEK PARÇA ADEDİ ]], INT((SK[[#This Row],[BOY]]+$O$2)/(SK[[#This Row],[KESİLECEK PARÇA BOYU]]+$O$2)) )*(SK[[#This Row],[KESİLECEK PARÇA BOYU]]+$O$2))>$P$2, IF( MOD(SK[[#This Row],[KESİLECEK PARÇA ADEDİ ]], INT((SK[[#This Row],[BOY]]+$O$2)/(SK[[#This Row],[KESİLECEK PARÇA BOYU]]+$O$2)))=0, 0, SK[[#This Row],[BOY]]-MOD(SK[[#This Row],[KESİLECEK PARÇA ADEDİ ]], INT((SK[[#This Row],[BOY]]+$O$2)/(SK[[#This Row],[KESİLECEK PARÇA BOYU]]+$O$2)))*(SK[[#This Row],[KESİLECEK PARÇA BOYU]]+$O$2) ), 0 ) ), 0 ), 0) -> 0 | K50: =IFERROR( IF( IF( MOD(SK[[#This Row],[BOY]],SK[[#This Row],[KESİLECEK PARÇA BOYU]])-$O$2*INT(SK[[#This Row],[BOY]]/SK[[#This Row],[KESİLECEK PARÇA BOYU]])>$P$2, (MOD(SK[[#This Row],[BOY]],SK[[#This Row],[KESİLECEK PARÇA BOYU]])-$O$2*INT(SK[[#This Row],[BOY]]/SK[[#This Row],[KESİLECEK PARÇA BOYU]])), 0 )>0,IF( MOD(SK[[#This Row],[BOY]],SK[[#This Row],[KESİLECEK PARÇA BOYU]])-$O$2*INT(SK[[#This Row],[BOY]]/SK[[#This Row],[KESİLECEK PARÇA BOYU]])>$P$2, (MOD(SK[[#This Row],[BOY]],SK[[#This Row],[KESİLECEK PARÇA BOYU]])-$O$2*INT(SK[[#This Row],[BOY]]/SK[[#This Row],[KESİLECEK PARÇA BOYU]])), 0 ),0),0) -> 0 | L50: =IFERROR(IF(SK[[#This Row],[BOY]]-(SK[[#This Row],[KESİLECEK PARÇA BOYU]]+$O$2)*MOD(SK[[#This Row],[KESİLECEK PARÇA ADEDİ ]],INT(SK[[#This Row],[BOY]]/(SK[[#This Row],[KESİLECEK PARÇA BOYU]]+$O$2)))<SK[[#This Row],[BOY]],SK[[#This Row],[BOY]]-(SK[[#This Row],[KESİLECEK PARÇA BOYU]]+$O$2)*MOD(SK[[#This Row],[KESİLECEK PARÇA ADEDİ ]],INT(SK[[#This Row],[BOY]]/(SK[[#This Row],[KESİLECEK PARÇA BOYU]]+$O$2))),0),0) -> 0
... H74: =IFERROR(IF( SK[[#This Row],[KESİLECEK PARÇA ADEDİ ]]*SK[[#This Row],[KESİLECEK PARÇA BOYU]] < SK[[#This Row],[BOY]] - 3*ROUNDUP(SK[[#This Row],[BOY]]/SK[[#This Row],[KESİLECEK PARÇA BOYU]] - 1, 0), 1, ROUNDUP(SK[[#This Row],[KESİLECEK PARÇA ADEDİ ]]/INT(SK[[#This Row],[BOY]]/(SK[[#This Row],[KESİLECEK PARÇA BOYU]]+$O$2)), 0) ),0) -> 0 | J74: =IFERROR( IF(SK[[#This Row],[GEREKLİ ADET]]=1, SK[[#This Row],[BOY]]-SK[[#This Row],[KESİLECEK PARÇA ADEDİ ]]*(SK[[#This Row],[KESİLECEK PARÇA BOYU]]+$O$2), IF( MOD(SK[[#This Row],[BOY]],SK[[#This Row],[KESİLECEK PARÇA BOYU]])-$O$2*INT(SK[[#This Row],[BOY]]/SK[[#This Row],[KESİLECEK PARÇA BOYU]])>$P$2, (MOD(SK[[#This Row],[BOY]],SK[[#This Row],[KESİLECEK PARÇA BOYU]])-$O$2*INT(SK[[#This Row],[BOY]]/SK[[#This Row],[KESİLECEK PARÇA BOYU]]))*SK[[#This Row],[GEREKLİ ADET]], 0 ) ) + IF(SK[[#This Row],[GEREKLİ ADET]]>1, IF( INT((SK[[#This Row],[BOY]]+$O$2)/(SK[[#This Row],[KESİLECEK PARÇA BOYU]]+$O$2))=0, 0, IF( (SK[[#This Row],[BOY]]-MOD(SK[[#This Row],[KESİLECEK PARÇA ADEDİ ]], INT((SK[[#This Row],[BOY]]+$O$2)/(SK[[#This Row],[KESİLECEK PARÇA BOYU]]+$O$2)) )*(SK[[#This Row],[KESİLECEK PARÇA BOYU]]+$O$2))>$P$2, IF( MOD(SK[[#This Row],[KESİLECEK PARÇA ADEDİ ]], INT((SK[[#This Row],[BOY]]+$O$2)/(SK[[#This Row],[KESİLECEK PARÇA BOYU]]+$O$2)))=0, 0, SK[[#This Row],[BOY]]-MOD(SK[[#This Row],[KESİLECEK PARÇA ADEDİ ]], INT((SK[[#This Row],[BOY]]+$O$2)/(SK[[#This Row],[KESİLECEK PARÇA BOYU]]+$O$2)))*(SK[[#This Row],[KESİLECEK PARÇA BOYU]]+$O$2) ), 0 ) ), 0 ), 0) -> 0 | K74: =IFERROR( IF( IF( MOD(SK[[#This Row],[BOY]],SK[[#This Row],[KESİLECEK PARÇA BOYU]])-$O$2*INT(SK[[#This Row],[BOY]]/SK[[#This Row],[KESİLECEK PARÇA BOYU]])>$P$2, (MOD(SK[[#This Row],[BOY]],SK[[#This Row],[KESİLECEK PARÇA BOYU]])-$O$2*INT(SK[[#This Row],[BOY]]/SK[[#This Row],[KESİLECEK PARÇA BOYU]])), 0 )>0,IF( MOD(SK[[#This Row],[BOY]],SK[[#This Row],[KESİLECEK PARÇA BOYU]])-$O$2*INT(SK[[#This Row],[BOY]]/SK[[#This Row],[KESİLECEK PARÇA BOYU]])>$P$2, (MOD(SK[[#This Row],[BOY]],SK[[#This Row],[KESİLECEK PARÇA BOYU]])-$O$2*INT(SK[[#This Row],[BOY]]/SK[[#This Row],[KESİLECEK PARÇA BOYU]])), 0 ),0),0) -> 0 | L74: =IFERROR(IF(SK[[#This Row],[BOY]]-(SK[[#This Row],[KESİLECEK PARÇA BOYU]]+$O$2)*MOD(SK[[#This Row],[KESİLECEK PARÇA ADEDİ ]],INT(SK[[#This Row],[BOY]]/(SK[[#This Row],[KESİLECEK PARÇA BOYU]]+$O$2)))<SK[[#This Row],[BOY]],SK[[#This Row],[BOY]]-(SK[[#This Row],[KESİLECEK PARÇA BOYU]]+$O$2)*MOD(SK[[#This Row],[KESİLECEK PARÇA ADEDİ ]],INT(SK[[#This Row],[BOY]]/(SK[[#This Row],[KESİLECEK PARÇA BOYU]]+$O$2))),0),0) -> 0
H75: =IFERROR(IF( SK[[#This Row],[KESİLECEK PARÇA ADEDİ ]]*SK[[#This Row],[KESİLECEK PARÇA BOYU]] < SK[[#This Row],[BOY]] - 3*ROUNDUP(SK[[#This Row],[BOY]]/SK[[#This Row],[KESİLECEK PARÇA BOYU]] - 1, 0), 1, ROUNDUP(SK[[#This Row],[KESİLECEK PARÇA ADEDİ ]]/INT(SK[[#This Row],[BOY]]/(SK[[#This Row],[KESİLECEK PARÇA BOYU]]+$O$2)), 0) ),0) -> 0 | I75: 12000 | J75: =IFERROR( IF(SK[[#This Row],[GEREKLİ ADET]]=1, SK[[#This Row],[BOY]]-SK[[#This Row],[KESİLECEK PARÇA ADEDİ ]]*(SK[[#This Row],[KESİLECEK PARÇA BOYU]]+$O$2), IF( MOD(SK[[#This Row],[BOY]],SK[[#This Row],[KESİLECEK PARÇA BOYU]])-$O$2*INT(SK[[#This Row],[BOY]]/SK[[#This Row],[KESİLECEK PARÇA BOYU]])>$P$2, (MOD(SK[[#This Row],[BOY]],SK[[#This Row],[KESİLECEK PARÇA BOYU]])-$O$2*INT(SK[[#This Row],[BOY]]/SK[[#This Row],[KESİLECEK PARÇA BOYU]]))*SK[[#This Row],[GEREKLİ ADET]], 0 ) ) + IF(SK[[#This Row],[GEREKLİ ADET]]>1, IF( INT((SK[[#This Row],[BOY]]+$O$2)/(SK[[#This Row],[KESİLECEK PARÇA BOYU]]+$O$2))=0, 0, IF( (SK[[#This Row],[BOY]]-MOD(SK[[#This Row],[KESİLECEK PARÇA ADEDİ ]], INT((SK[[#This Row],[BOY]]+$O$2)/(SK[[#This Row],[KESİLECEK PARÇA BOYU]]+$O$2)) )*(SK[[#This Row],[KESİLECEK PARÇA BOYU]]+$O$2))>$P$2, IF( MOD(SK[[#This Row],[KESİLECEK PARÇA ADEDİ ]], INT((SK[[#This Row],[BOY]]+$O$2)/(SK[[#This Row],[KESİLECEK PARÇA BOYU]]+$O$2)))=0, 0, SK[[#This Row],[BOY]]-MOD(SK[[#This Row],[KESİLECEK PARÇA ADEDİ ]], INT((SK[[#This Row],[BOY]]+$O$2)/(SK[[#This Row],[KESİLECEK PARÇA BOYU]]+$O$2)))*(SK[[#This Row],[KESİLECEK PARÇA BOYU]]+$O$2) ), 0 ) ), 0 ), 0) -> 0 | K75: =IFERROR( IF( IF( MOD(SK[[#This Row],[BOY]],SK[[#This Row],[KESİLECEK PARÇA BOYU]])-$O$2*INT(SK[[#This Row],[BOY]]/SK[[#This Row],[KESİLECEK PARÇA BOYU]])>$P$2, (MOD(SK[[#This Row],[BOY]],SK[[#This Row],[KESİLECEK PARÇA BOYU]])-$O$2*INT(SK[[#This Row],[BOY]]/SK[[#This Row],[KESİLECEK PARÇA BOYU]])), 0 )>0,IF( MOD(SK[[#This Row],[BOY]],SK[[#This Row],[KESİLECEK PARÇA BOYU]])-$O$2*INT(SK[[#This Row],[BOY]]/SK[[#This Row],[KESİLECEK PARÇA BOYU]])>$P$2, (MOD(SK[[#This Row],[BOY]],SK[[#This Row],[KESİLECEK PARÇA BOYU]])-$O$2*INT(SK[[#This Row],[BOY]]/SK[[#This Row],[KESİLECEK PARÇA BOYU]])), 0 ),0),0) -> 0 | L75: =IFERROR(IF(SK[[#This Row],[BOY]]-(SK[[#This Row],[KESİLECEK PARÇA BOYU]]+$O$2)*MOD(SK[[#This Row],[KESİLECEK PARÇA ADEDİ ]],INT(SK[[#This Row],[BOY]]/(SK[[#This Row],[KESİLECEK PARÇA BOYU]]+$O$2)))<SK[[#This Row],[BOY]],SK[[#This Row],[BOY]]-(SK[[#This Row],[KESİLECEK PARÇA BOYU]]+$O$2)*MOD(SK[[#This Row],[KESİLECEK PARÇA ADEDİ ]],INT(SK[[#This Row],[BOY]]/(SK[[#This Row],[KESİLECEK PARÇA BOYU]]+$O$2))),0),0) -> 0
H76: =IFERROR(IF( SK[[#This Row],[KESİLECEK PARÇA ADEDİ ]]*SK[[#This Row],[KESİLECEK PARÇA BOYU]] < SK[[#This Row],[BOY]] - 3*ROUNDUP(SK[[#This Row],[BOY]]/SK[[#This Row],[KESİLECEK PARÇA BOYU]] - 1, 0), 1, ROUNDUP(SK[[#This Row],[KESİLECEK PARÇA ADEDİ ]]/INT(SK[[#This Row],[BOY]]/(SK[[#This Row],[KESİLECEK PARÇA BOYU]]+$O$2)), 0) ),0) -> 0 | J76: =IFERROR( IF(SK[[#This Row],[GEREKLİ ADET]]=1, SK[[#This Row],[BOY]]-SK[[#This Row],[KESİLECEK PARÇA ADEDİ ]]*(SK[[#This Row],[KESİLECEK PARÇA BOYU]]+$O$2), IF( MOD(SK[[#This Row],[BOY]],SK[[#This Row],[KESİLECEK PARÇA BOYU]])-$O$2*INT(SK[[#This Row],[BOY]]/SK[[#This Row],[KESİLECEK PARÇA BOYU]])>$P$2, (MOD(SK[[#This Row],[BOY]],SK[[#This Row],[KESİLECEK PARÇA BOYU]])-$O$2*INT(SK[[#This Row],[BOY]]/SK[[#This Row],[KESİLECEK PARÇA BOYU]]))*SK[[#This Row],[GEREKLİ ADET]], 0 ) ) + IF(SK[[#This Row],[GEREKLİ ADET]]>1, IF( INT((SK[[#This Row],[BOY]]+$O$2)/(SK[[#This Row],[KESİLECEK PARÇA BOYU]]+$O$2))=0, 0, IF( (SK[[#This Row],[BOY]]-MOD(SK[[#This Row],[KESİLECEK PARÇA ADEDİ ]], INT((SK[[#This Row],[BOY]]+$O$2)/(SK[[#This Row],[KESİLECEK PARÇA BOYU]]+$O$2)) )*(SK[[#This Row],[KESİLECEK PARÇA BOYU]]+$O$2))>$P$2, IF( MOD(SK[[#This Row],[KESİLECEK PARÇA ADEDİ ]], INT((SK[[#This Row],[BOY]]+$O$2)/(SK[[#This Row],[KESİLECEK PARÇA BOYU]]+$O$2)))=0, 0, SK[[#This Row],[BOY]]-MOD(SK[[#This Row],[KESİLECEK PARÇA ADEDİ ]], INT((SK[[#This Row],[BOY]]+$O$2)/(SK[[#This Row],[KESİLECEK PARÇA BOYU]]+$O$2)))*(SK[[#This Row],[KESİLECEK PARÇA BOYU]]+$O$2) ), 0 ) ), 0 ), 0) -> 0 | K76: =IFERROR( IF( IF( MOD(SK[[#This Row],[BOY]],SK[[#This Row],[KESİLECEK PARÇA BOYU]])-$O$2*INT(SK[[#This Row],[BOY]]/SK[[#This Row],[KESİLECEK PARÇA BOYU]])>$P$2, (MOD(SK[[#This Row],[BOY]],SK[[#This Row],[KESİLECEK PARÇA BOYU]])-$O$2*INT(SK[[#This Row],[BOY]]/SK[[#This Row],[KESİLECEK PARÇA BOYU]])), 0 )>0,IF( MOD(SK[[#This Row],[BOY]],SK[[#This Row],[KESİLECEK PARÇA BOYU]])-$O$2*INT(SK[[#This Row],[BOY]]/SK[[#This Row],[KESİLECEK PARÇA BOYU]])>$P$2, (MOD(SK[[#This Row],[BOY]],SK[[#This Row],[KESİLECEK PARÇA BOYU]])-$O$2*INT(SK[[#This Row],[BOY]]/SK[[#This Row],[KESİLECEK PARÇA BOYU]])), 0 ),0),0) -> 0 | L76: =IFERROR(IF(SK[[#This Row],[BOY]]-(SK[[#This Row],[KESİLECEK PARÇA BOYU]]+$O$2)*MOD(SK[[#This Row],[KESİLECEK PARÇA ADEDİ ]],INT(SK[[#This Row],[BOY]]/(SK[[#This Row],[KESİLECEK PARÇA BOYU]]+$O$2)))<SK[[#This Row],[BOY]],SK[[#This Row],[BOY]]-(SK[[#This Row],[KESİLECEK PARÇA BOYU]]+$O$2)*MOD(SK[[#This Row],[KESİLECEK PARÇA ADEDİ ]],INT(SK[[#This Row],[BOY]]/(SK[[#This Row],[KESİLECEK PARÇA BOYU]]+$O$2))),0),0) -> 0
H77: =IFERROR(IF( SK[[#This Row],[KESİLECEK PARÇA ADEDİ ]]*SK[[#This Row],[KESİLECEK PARÇA BOYU]] < SK[[#This Row],[BOY]] - 3*ROUNDUP(SK[[#This Row],[BOY]]/SK[[#This Row],[KESİLECEK PARÇA BOYU]] - 1, 0), 1, ROUNDUP(SK[[#This Row],[KESİLECEK PARÇA ADEDİ ]]/INT(SK[[#This Row],[BOY]]/(SK[[#This Row],[KESİLECEK PARÇA BOYU]]+$O$2)), 0) ),0) -> 0 | J77: =IFERROR( IF(SK[[#This Row],[GEREKLİ ADET]]=1, SK[[#This Row],[BOY]]-SK[[#This Row],[KESİLECEK PARÇA ADEDİ ]]*(SK[[#This Row],[KESİLECEK PARÇA BOYU]]+$O$2), IF( MOD(SK[[#This Row],[BOY]],SK[[#This Row],[KESİLECEK PARÇA BOYU]])-$O$2*INT(SK[[#This Row],[BOY]]/SK[[#This Row],[KESİLECEK PARÇA BOYU]])>$P$2, (MOD(SK[[#This Row],[BOY]],SK[[#This Row],[KESİLECEK PARÇA BOYU]])-$O$2*INT(SK[[#This Row],[BOY]]/SK[[#This Row],[KESİLECEK PARÇA BOYU]]))*SK[[#This Row],[GEREKLİ ADET]], 0 ) ) + IF(SK[[#This Row],[GEREKLİ ADET]]>1, IF( INT((SK[[#This Row],[BOY]]+$O$2)/(SK[[#This Row],[KESİLECEK PARÇA BOYU]]+$O$2))=0, 0, IF( (SK[[#This Row],[BOY]]-MOD(SK[[#This Row],[KESİLECEK PARÇA ADEDİ ]], INT((SK[[#This Row],[BOY]]+$O$2)/(SK[[#This Row],[KESİLECEK PARÇA BOYU]]+$O$2)) )*(SK[[#This Row],[KESİLECEK PARÇA BOYU]]+$O$2))>$P$2, IF( MOD(SK[[#This Row],[KESİLECEK PARÇA ADEDİ ]], INT((SK[[#This Row],[BOY]]+$O$2)/(SK[[#This Row],[KESİLECEK PARÇA BOYU]]+$O$2)))=0, 0, SK[[#This Row],[BOY]]-MOD(SK[[#This Row],[KESİLECEK PARÇA ADEDİ ]], INT((SK[[#This Row],[BOY]]+$O$2)/(SK[[#This Row],[KESİLECEK PARÇA BOYU]]+$O$2)))*(SK[[#This Row],[KESİLECEK PARÇA BOYU]]+$O$2) ), 0 ) ), 0 ), 0) -> 0 | K77: =IFERROR( IF( IF( MOD(SK[[#This Row],[BOY]],SK[[#This Row],[KESİLECEK PARÇA BOYU]])-$O$2*INT(SK[[#This Row],[BOY]]/SK[[#This Row],[KESİLECEK PARÇA BOYU]])>$P$2, (MOD(SK[[#This Row],[BOY]],SK[[#This Row],[KESİLECEK PARÇA BOYU]])-$O$2*INT(SK[[#This Row],[BOY]]/SK[[#This Row],[KESİLECEK PARÇA BOYU]])), 0 )>0,IF( MOD(SK[[#This Row],[BOY]],SK[[#This Row],[KESİLECEK PARÇA BOYU]])-$O$2*INT(SK[[#This Row],[BOY]]/SK[[#This Row],[KESİLECEK PARÇA BOYU]])>$P$2, (MOD(SK[[#This Row],[BOY]],SK[[#This Row],[KESİLECEK PARÇA BOYU]])-$O$2*INT(SK[[#This Row],[BOY]]/SK[[#This Row],[KESİLECEK PARÇA BOYU]])), 0 ),0),0) -> 0 | L77: =IFERROR(IF(SK[[#This Row],[BOY]]-(SK[[#This Row],[KESİLECEK PARÇA BOYU]]+$O$2)*MOD(SK[[#This Row],[KESİLECEK PARÇA ADEDİ ]],INT(SK[[#This Row],[BOY]]/(SK[[#This Row],[KESİLECEK PARÇA BOYU]]+$O$2)))<SK[[#This Row],[BOY]],SK[[#This Row],[BOY]]-(SK[[#This Row],[KESİLECEK PARÇA BOYU]]+$O$2)*MOD(SK[[#This Row],[KESİLECEK PARÇA ADEDİ ]],INT(SK[[#This Row],[BOY]]/(SK[[#This Row],[KESİLECEK PARÇA BOYU]]+$O$2))),0),0) -> 0
H78: =IFERROR(IF( SK[[#This Row],[KESİLECEK PARÇA ADEDİ ]]*SK[[#This Row],[KESİLECEK PARÇA BOYU]] < SK[[#This Row],[BOY]] - 3*ROUNDUP(SK[[#This Row],[BOY]]/SK[[#This Row],[KESİLECEK PARÇA BOYU]] - 1, 0), 1, ROUNDUP(SK[[#This Row],[KESİLECEK PARÇA ADEDİ ]]/INT(SK[[#This Row],[BOY]]/(SK[[#This Row],[KESİLECEK PARÇA BOYU]]+$O$2)), 0) ),0) -> 0 | J78: =IFERROR( IF(SK[[#This Row],[GEREKLİ ADET]]=1, SK[[#This Row],[BOY]]-SK[[#This Row],[KESİLECEK PARÇA ADEDİ ]]*(SK[[#This Row],[KESİLECEK PARÇA BOYU]]+$O$2), IF( MOD(SK[[#This Row],[BOY]],SK[[#This Row],[KESİLECEK PARÇA BOYU]])-$O$2*INT(SK[[#This Row],[BOY]]/SK[[#This Row],[KESİLECEK PARÇA BOYU]])>$P$2, (MOD(SK[[#This Row],[BOY]],SK[[#This Row],[KESİLECEK PARÇA BOYU]])-$O$2*INT(SK[[#This Row],[BOY]]/SK[[#This Row],[KESİLECEK PARÇA BOYU]]))*SK[[#This Row],[GEREKLİ ADET]], 0 ) ) + IF(SK[[#This Row],[GEREKLİ ADET]]>1, IF( INT((SK[[#This Row],[BOY]]+$O$2)/(SK[[#This Row],[KESİLECEK PARÇA BOYU]]+$O$2))=0, 0, IF( (SK[[#This Row],[BOY]]-MOD(SK[[#This Row],[KESİLECEK PARÇA ADEDİ ]], INT((SK[[#This Row],[BOY]]+$O$2)/(SK[[#This Row],[KESİLECEK PARÇA BOYU]]+$O$2)) )*(SK[[#This Row],[KESİLECEK PARÇA BOYU]]+$O$2))>$P$2, IF( MOD(SK[[#This Row],[KESİLECEK PARÇA ADEDİ ]], INT((SK[[#This Row],[BOY]]+$O$2)/(SK[[#This Row],[KESİLECEK PARÇA BOYU]]+$O$2)))=0, 0, SK[[#This Row],[BOY]]-MOD(SK[[#This Row],[KESİLECEK PARÇA ADEDİ ]], INT((SK[[#This Row],[BOY]]+$O$2)/(SK[[#This Row],[KESİLECEK PARÇA BOYU]]+$O$2)))*(SK[[#This Row],[KESİLECEK PARÇA BOYU]]+$O$2) ), 0 ) ), 0 ), 0) -> 0 | K78: =IFERROR( IF( IF( MOD(SK[[#This Row],[BOY]],SK[[#This Row],[KESİLECEK PARÇA BOYU]])-$O$2*INT(SK[[#This Row],[BOY]]/SK[[#This Row],[KESİLECEK PARÇA BOYU]])>$P$2, (MOD(SK[[#This Row],[BOY]],SK[[#This Row],[KESİLECEK PARÇA BOYU]])-$O$2*INT(SK[[#This Row],[BOY]]/SK[[#This Row],[KESİLECEK PARÇA BOYU]])), 0 )>0,IF( MOD(SK[[#This Row],[BOY]],SK[[#This Row],[KESİLECEK PARÇA BOYU]])-$O$2*INT(SK[[#This Row],[BOY]]/SK[[#This Row],[KESİLECEK PARÇA BOYU]])>$P$2, (MOD(SK[[#This Row],[BOY]],SK[[#This Row],[KESİLECEK PARÇA BOYU]])-$O$2*INT(SK[[#This Row],[BOY]]/SK[[#This Row],[KESİLECEK PARÇA BOYU]])), 0 ),0),0) -> 0 | L78: =IFERROR(IF(SK[[#This Row],[BOY]]-(SK[[#This Row],[KESİLECEK PARÇA BOYU]]+$O$2)*MOD(SK[[#This Row],[KESİLECEK PARÇA ADEDİ ]],INT(SK[[#This Row],[BOY]]/(SK[[#This Row],[KESİLECEK PARÇA BOYU]]+$O$2)))<SK[[#This Row],[BOY]],SK[[#This Row],[BOY]]-(SK[[#This Row],[KESİLECEK PARÇA BOYU]]+$O$2)*MOD(SK[[#This Row],[KESİLECEK PARÇA ADEDİ ]],INT(SK[[#This Row],[BOY]]/(SK[[#This Row],[KESİLECEK PARÇA BOYU]]+$O$2))),0),0) -> 0
H79: =IFERROR(IF( SK[[#This Row],[KESİLECEK PARÇA ADEDİ ]]*SK[[#This Row],[KESİLECEK PARÇA BOYU]] < SK[[#This Row],[BOY]] - 3*ROUNDUP(SK[[#This Row],[BOY]]/SK[[#This Row],[KESİLECEK PARÇA BOYU]] - 1, 0), 1, ROUNDUP(SK[[#This Row],[KESİLECEK PARÇA ADEDİ ]]/INT(SK[[#This Row],[BOY]]/(SK[[#This Row],[KESİLECEK PARÇA BOYU]]+$O$2)), 0) ),0) -> 0 | J79: =IFERROR( IF(SK[[#This Row],[GEREKLİ ADET]]=1, SK[[#This Row],[BOY]]-SK[[#This Row],[KESİLECEK PARÇA ADEDİ ]]*(SK[[#This Row],[KESİLECEK PARÇA BOYU]]+$O$2), IF( MOD(SK[[#This Row],[BOY]],SK[[#This Row],[KESİLECEK PARÇA BOYU]])-$O$2*INT(SK[[#This Row],[BOY]]/SK[[#This Row],[KESİLECEK PARÇA BOYU]])>$P$2, (MOD(SK[[#This Row],[BOY]],SK[[#This Row],[KESİLECEK PARÇA BOYU]])-$O$2*INT(SK[[#This Row],[BOY]]/SK[[#This Row],[KESİLECEK PARÇA BOYU]]))*SK[[#This Row],[GEREKLİ ADET]], 0 ) ) + IF(SK[[#This Row],[GEREKLİ ADET]]>1, IF( INT((SK[[#This Row],[BOY]]+$O$2)/(SK[[#This Row],[KESİLECEK PARÇA BOYU]]+$O$2))=0, 0, IF( (SK[[#This Row],[BOY]]-MOD(SK[[#This Row],[KESİLECEK PARÇA ADEDİ ]], INT((SK[[#This Row],[BOY]]+$O$2)/(SK[[#This Row],[KESİLECEK PARÇA BOYU]]+$O$2)) )*(SK[[#This Row],[KESİLECEK PARÇA BOYU]]+$O$2))>$P$2, IF( MOD(SK[[#This Row],[KESİLECEK PARÇA ADEDİ ]], INT((SK[[#This Row],[BOY]]+$O$2)/(SK[[#This Row],[KESİLECEK PARÇA BOYU]]+$O$2)))=0, 0, SK[[#This Row],[BOY]]-MOD(SK[[#This Row],[KESİLECEK PARÇA ADEDİ ]], INT((SK[[#This Row],[BOY]]+$O$2)/(SK[[#This Row],[KESİLECEK PARÇA BOYU]]+$O$2)))*(SK[[#This Row],[KESİLECEK PARÇA BOYU]]+$O$2) ), 0 ) ), 0 ), 0) -> 0 | K79: =IFERROR( IF( IF( MOD(SK[[#This Row],[BOY]],SK[[#This Row],[KESİLECEK PARÇA BOYU]])-$O$2*INT(SK[[#This Row],[BOY]]/SK[[#This Row],[KESİLECEK PARÇA BOYU]])>$P$2, (MOD(SK[[#This Row],[BOY]],SK[[#This Row],[KESİLECEK PARÇA BOYU]])-$O$2*INT(SK[[#This Row],[BOY]]/SK[[#This Row],[KESİLECEK PARÇA BOYU]])), 0 )>0,IF( MOD(SK[[#This Row],[BOY]],SK[[#This Row],[KESİLECEK PARÇA BOYU]])-$O$2*INT(SK[[#This Row],[BOY]]/SK[[#This Row],[KESİLECEK PARÇA BOYU]])>$P$2, (MOD(SK[[#This Row],[BOY]],SK[[#This Row],[KESİLECEK PARÇA BOYU]])-$O$2*INT(SK[[#This Row],[BOY]]/SK[[#This Row],[KESİLECEK PARÇA BOYU]])), 0 ),0),0) -> 0 | L79: =IFERROR(IF(SK[[#This Row],[BOY]]-(SK[[#This Row],[KESİLECEK PARÇA BOYU]]+$O$2)*MOD(SK[[#This Row],[KESİLECEK PARÇA ADEDİ ]],INT(SK[[#This Row],[BOY]]/(SK[[#This Row],[KESİLECEK PARÇA BOYU]]+$O$2)))<SK[[#This Row],[BOY]],SK[[#This Row],[BOY]]-(SK[[#This Row],[KESİLECEK PARÇA BOYU]]+$O$2)*MOD(SK[[#This Row],[KESİLECEK PARÇA ADEDİ ]],INT(SK[[#This Row],[BOY]]/(SK[[#This Row],[KESİLECEK PARÇA BOYU]]+$O$2))),0),0) -> 0
H80: =IFERROR(IF( SK[[#This Row],[KESİLECEK PARÇA ADEDİ ]]*SK[[#This Row],[KESİLECEK PARÇA BOYU]] < SK[[#This Row],[BOY]] - 3*ROUNDUP(SK[[#This Row],[BOY]]/SK[[#This Row],[KESİLECEK PARÇA BOYU]] - 1, 0), 1, ROUNDUP(SK[[#This Row],[KESİLECEK PARÇA ADEDİ ]]/INT(SK[[#This Row],[BOY]]/(SK[[#This Row],[KESİLECEK PARÇA BOYU]]+$O$2)), 0) ),0) -> 0 | J80: =IFERROR( IF(SK[[#This Row],[GEREKLİ ADET]]=1, SK[[#This Row],[BOY]]-SK[[#This Row],[KESİLECEK PARÇA ADEDİ ]]*(SK[[#This Row],[KESİLECEK PARÇA BOYU]]+$O$2), IF( MOD(SK[[#This Row],[BOY]],SK[[#This Row],[KESİLECEK PARÇA BOYU]])-$O$2*INT(SK[[#This Row],[BOY]]/SK[[#This Row],[KESİLECEK PARÇA BOYU]])>$P$2, (MOD(SK[[#This Row],[BOY]],SK[[#This Row],[KESİLECEK PARÇA BOYU]])-$O$2*INT(SK[[#This Row],[BOY]]/SK[[#This Row],[KESİLECEK PARÇA BOYU]]))*SK[[#This Row],[GEREKLİ ADET]], 0 ) ) + IF(SK[[#This Row],[GEREKLİ ADET]]>1, IF( INT((SK[[#This Row],[BOY]]+$O$2)/(SK[[#This Row],[KESİLECEK PARÇA BOYU]]+$O$2))=0, 0, IF( (SK[[#This Row],[BOY]]-MOD(SK[[#This Row],[KESİLECEK PARÇA ADEDİ ]], INT((SK[[#This Row],[BOY]]+$O$2)/(SK[[#This Row],[KESİLECEK PARÇA BOYU]]+$O$2)) )*(SK[[#This Row],[KESİLECEK PARÇA BOYU]]+$O$2))>$P$2, IF( MOD(SK[[#This Row],[KESİLECEK PARÇA ADEDİ ]], INT((SK[[#This Row],[BOY]]+$O$2)/(SK[[#This Row],[KESİLECEK PARÇA BOYU]]+$O$2)))=0, 0, SK[[#This Row],[BOY]]-MOD(SK[[#This Row],[KESİLECEK PARÇA ADEDİ ]], INT((SK[[#This Row],[BOY]]+$O$2)/(SK[[#This Row],[KESİLECEK PARÇA BOYU]]+$O$2)))*(SK[[#This Row],[KESİLECEK PARÇA BOYU]]+$O$2) ), 0 ) ), 0 ), 0) -> 0 | K80: =IFERROR( IF( IF( MOD(SK[[#This Row],[BOY]],SK[[#This Row],[KESİLECEK PARÇA BOYU]])-$O$2*INT(SK[[#This Row],[BOY]]/SK[[#This Row],[KESİLECEK PARÇA BOYU]])>$P$2, (MOD(SK[[#This Row],[BOY]],SK[[#This Row],[KESİLECEK PARÇA BOYU]])-$O$2*INT(SK[[#This Row],[BOY]]/SK[[#This Row],[KESİLECEK PARÇA BOYU]])), 0 )>0,IF( MOD(SK[[#This Row],[BOY]],SK[[#This Row],[KESİLECEK PARÇA BOYU]])-$O$2*INT(SK[[#This Row],[BOY]]/SK[[#This Row],[KESİLECEK PARÇA BOYU]])>$P$2, (MOD(SK[[#This Row],[BOY]],SK[[#This Row],[KESİLECEK PARÇA BOYU]])-$O$2*INT(SK[[#This Row],[BOY]]/SK[[#This Row],[KESİLECEK PARÇA BOYU]])), 0 ),0),0) -> 0 | L80: =IFERROR(IF(SK[[#This Row],[BOY]]-(SK[[#This Row],[KESİLECEK PARÇA BOYU]]+$O$2)*MOD(SK[[#This Row],[KESİLECEK PARÇA ADEDİ ]],INT(SK[[#This Row],[BOY]]/(SK[[#This Row],[KESİLECEK PARÇA BOYU]]+$O$2)))<SK[[#This Row],[BOY]],SK[[#This Row],[BOY]]-(SK[[#This Row],[KESİLECEK PARÇA BOYU]]+$O$2)*MOD(SK[[#This Row],[KESİLECEK PARÇA ADEDİ ]],INT(SK[[#This Row],[BOY]]/(SK[[#This Row],[KESİLECEK PARÇA BOYU]]+$O$2))),0),0) -> 0
H81: =IFERROR(IF( SK[[#This Row],[KESİLECEK PARÇA ADEDİ ]]*SK[[#This Row],[KESİLECEK PARÇA BOYU]] < SK[[#This Row],[BOY]] - 3*ROUNDUP(SK[[#This Row],[BOY]]/SK[[#This Row],[KESİLECEK PARÇA BOYU]] - 1, 0), 1, ROUNDUP(SK[[#This Row],[KESİLECEK PARÇA ADEDİ ]]/INT(SK[[#This Row],[BOY]]/(SK[[#This Row],[KESİLECEK PARÇA BOYU]]+$O$2)), 0) ),0) -> 0 | J81: =IFERROR( IF(SK[[#This Row],[GEREKLİ ADET]]=1, SK[[#This Row],[BOY]]-SK[[#This Row],[KESİLECEK PARÇA ADEDİ ]]*(SK[[#This Row],[KESİLECEK PARÇA BOYU]]+$O$2), IF( MOD(SK[[#This Row],[BOY]],SK[[#This Row],[KESİLECEK PARÇA BOYU]])-$O$2*INT(SK[[#This Row],[BOY]]/SK[[#This Row],[KESİLECEK PARÇA BOYU]])>$P$2, (MOD(SK[[#This Row],[BOY]],SK[[#This Row],[KESİLECEK PARÇA BOYU]])-$O$2*INT(SK[[#This Row],[BOY]]/SK[[#This Row],[KESİLECEK PARÇA BOYU]]))*SK[[#This Row],[GEREKLİ ADET]], 0 ) ) + IF(SK[[#This Row],[GEREKLİ ADET]]>1, IF( INT((SK[[#This Row],[BOY]]+$O$2)/(SK[[#This Row],[KESİLECEK PARÇA BOYU]]+$O$2))=0, 0, IF( (SK[[#This Row],[BOY]]-MOD(SK[[#This Row],[KESİLECEK PARÇA ADEDİ ]], INT((SK[[#This Row],[BOY]]+$O$2)/(SK[[#This Row],[KESİLECEK PARÇA BOYU]]+$O$2)) )*(SK[[#This Row],[KESİLECEK PARÇA BOYU]]+$O$2))>$P$2, IF( MOD(SK[[#This Row],[KESİLECEK PARÇA ADEDİ ]], INT((SK[[#This Row],[BOY]]+$O$2)/(SK[[#This Row],[KESİLECEK PARÇA BOYU]]+$O$2)))=0, 0, SK[[#This Row],[BOY]]-MOD(SK[[#This Row],[KESİLECEK PARÇA ADEDİ ]], INT((SK[[#This Row],[BOY]]+$O$2)/(SK[[#This Row],[KESİLECEK PARÇA BOYU]]+$O$2)))*(SK[[#This Row],[KESİLECEK PARÇA BOYU]]+$O$2) ), 0 ) ), 0 ), 0) -> 0 | K81: =IFERROR( IF( IF( MOD(SK[[#This Row],[BOY]],SK[[#This Row],[KESİLECEK PARÇA BOYU]])-$O$2*INT(SK[[#This Row],[BOY]]/SK[[#This Row],[KESİLECEK PARÇA BOYU]])>$P$2, (MOD(SK[[#This Row],[BOY]],SK[[#This Row],[KESİLECEK PARÇA BOYU]])-$O$2*INT(SK[[#This Row],[BOY]]/SK[[#This Row],[KESİLECEK PARÇA BOYU]])), 0 )>0,IF( MOD(SK[[#This Row],[BOY]],SK[[#This Row],[KESİLECEK PARÇA BOYU]])-$O$2*INT(SK[[#This Row],[BOY]]/SK[[#This Row],[KESİLECEK PARÇA BOYU]])>$P$2, (MOD(SK[[#This Row],[BOY]],SK[[#This Row],[KESİLECEK PARÇA BOYU]])-$O$2*INT(SK[[#This Row],[BOY]]/SK[[#This Row],[KESİLECEK PARÇA BOYU]])), 0 ),0),0) -> 0 | L81: =IFERROR(IF(SK[[#This Row],[BOY]]-(SK[[#This Row],[KESİLECEK PARÇA BOYU]]+$O$2)*MOD(SK[[#This Row],[KESİLECEK PARÇA ADEDİ ]],INT(SK[[#This Row],[BOY]]/(SK[[#This Row],[KESİLECEK PARÇA BOYU]]+$O$2)))<SK[[#This Row],[BOY]],SK[[#This Row],[BOY]]-(SK[[#This Row],[KESİLECEK PARÇA BOYU]]+$O$2)*MOD(SK[[#This Row],[KESİLECEK PARÇA ADEDİ ]],INT(SK[[#This Row],[BOY]]/(SK[[#This Row],[KESİLECEK PARÇA BOYU]]+$O$2))),0),0) -> 0
H82: =IFERROR(IF( SK[[#This Row],[KESİLECEK PARÇA ADEDİ ]]*SK[[#This Row],[KESİLECEK PARÇA BOYU]] < SK[[#This Row],[BOY]] - 3*ROUNDUP(SK[[#This Row],[BOY]]/SK[[#This Row],[KESİLECEK PARÇA BOYU]] - 1, 0), 1, ROUNDUP(SK[[#This Row],[KESİLECEK PARÇA ADEDİ ]]/INT(SK[[#This Row],[BOY]]/(SK[[#This Row],[KESİLECEK PARÇA BOYU]]+$O$2)), 0) ),0) -> 0 | J82: =IFERROR( IF(SK[[#This Row],[GEREKLİ ADET]]=1, SK[[#This Row],[BOY]]-SK[[#This Row],[KESİLECEK PARÇA ADEDİ ]]*(SK[[#This Row],[KESİLECEK PARÇA BOYU]]+$O$2), IF( MOD(SK[[#This Row],[BOY]],SK[[#This Row],[KESİLECEK PARÇA BOYU]])-$O$2*INT(SK[[#This Row],[BOY]]/SK[[#This Row],[KESİLECEK PARÇA BOYU]])>$P$2, (MOD(SK[[#This Row],[BOY]],SK[[#This Row],[KESİLECEK PARÇA BOYU]])-$O$2*INT(SK[[#This Row],[BOY]]/SK[[#This Row],[KESİLECEK PARÇA BOYU]]))*SK[[#This Row],[GEREKLİ ADET]], 0 ) ) + IF(SK[[#This Row],[GEREKLİ ADET]]>1, IF( INT((SK[[#This Row],[BOY]]+$O$2)/(SK[[#This Row],[KESİLECEK PARÇA BOYU]]+$O$2))=0, 0, IF( (SK[[#This Row],[BOY]]-MOD(SK[[#This Row],[KESİLECEK PARÇA ADEDİ ]], INT((SK[[#This Row],[BOY]]+$O$2)/(SK[[#This Row],[KESİLECEK PARÇA BOYU]]+$O$2)) )*(SK[[#This Row],[KESİLECEK PARÇA BOYU]]+$O$2))>$P$2, IF( MOD(SK[[#This Row],[KESİLECEK PARÇA ADEDİ ]], INT((SK[[#This Row],[BOY]]+$O$2)/(SK[[#This Row],[KESİLECEK PARÇA BOYU]]+$O$2)))=0, 0, SK[[#This Row],[BOY]]-MOD(SK[[#This Row],[KESİLECEK PARÇA ADEDİ ]], INT((SK[[#This Row],[BOY]]+$O$2)/(SK[[#This Row],[KESİLECEK PARÇA BOYU]]+$O$2)))*(SK[[#This Row],[KESİLECEK PARÇA BOYU]]+$O$2) ), 0 ) ), 0 ), 0) -> 0 | K82: =IFERROR( IF( IF( MOD(SK[[#This Row],[BOY]],SK[[#This Row],[KESİLECEK PARÇA BOYU]])-$O$2*INT(SK[[#This Row],[BOY]]/SK[[#This Row],[KESİLECEK PARÇA BOYU]])>$P$2, (MOD(SK[[#This Row],[BOY]],SK[[#This Row],[KESİLECEK PARÇA BOYU]])-$O$2*INT(SK[[#This Row],[BOY]]/SK[[#This Row],[KESİLECEK PARÇA BOYU]])), 0 )>0,IF( MOD(SK[[#This Row],[BOY]],SK[[#This Row],[KESİLECEK PARÇA BOYU]])-$O$2*INT(SK[[#This Row],[BOY]]/SK[[#This Row],[KESİLECEK PARÇA BOYU]])>$P$2, (MOD(SK[[#This Row],[BOY]],SK[[#This Row],[KESİLECEK PARÇA BOYU]])-$O$2*INT(SK[[#This Row],[BOY]]/SK[[#This Row],[KESİLECEK PARÇA BOYU]])), 0 ),0),0) -> 0 | L82: =IFERROR(IF(SK[[#This Row],[BOY]]-(SK[[#This Row],[KESİLECEK PARÇA BOYU]]+$O$2)*MOD(SK[[#This Row],[KESİLECEK PARÇA ADEDİ ]],INT(SK[[#This Row],[BOY]]/(SK[[#This Row],[KESİLECEK PARÇA BOYU]]+$O$2)))<SK[[#This Row],[BOY]],SK[[#This Row],[BOY]]-(SK[[#This Row],[KESİLECEK PARÇA BOYU]]+$O$2)*MOD(SK[[#This Row],[KESİLECEK PARÇA ADEDİ ]],INT(SK[[#This Row],[BOY]]/(SK[[#This Row],[KESİLECEK PARÇA BOYU]]+$O$2))),0),0) -> 0
H83: =IFERROR(IF( SK[[#This Row],[KESİLECEK PARÇA ADEDİ ]]*SK[[#This Row],[KESİLECEK PARÇA BOYU]] < SK[[#This Row],[BOY]] - 3*ROUNDUP(SK[[#This Row],[BOY]]/SK[[#This Row],[KESİLECEK PARÇA BOYU]] - 1, 0), 1, ROUNDUP(SK[[#This Row],[KESİLECEK PARÇA ADEDİ ]]/INT(SK[[#This Row],[BOY]]/(SK[[#This Row],[KESİLECEK PARÇA BOYU]]+$O$2)), 0) ),0) -> 0 | J83: =IFERROR( IF(SK[[#This Row],[GEREKLİ ADET]]=1, SK[[#This Row],[BOY]]-SK[[#This Row],[KESİLECEK PARÇA ADEDİ ]]*(SK[[#This Row],[KESİLECEK PARÇA BOYU]]+$O$2), IF( MOD(SK[[#This Row],[BOY]],SK[[#This Row],[KESİLECEK PARÇA BOYU]])-$O$2*INT(SK[[#This Row],[BOY]]/SK[[#This Row],[KESİLECEK PARÇA BOYU]])>$P$2, (MOD(SK[[#This Row],[BOY]],SK[[#This Row],[KESİLECEK PARÇA BOYU]])-$O$2*INT(SK[[#This Row],[BOY]]/SK[[#This Row],[KESİLECEK PARÇA BOYU]]))*SK[[#This Row],[GEREKLİ ADET]], 0 ) ) + IF(SK[[#This Row],[GEREKLİ ADET]]>1, IF( INT((SK[[#This Row],[BOY]]+$O$2)/(SK[[#This Row],[KESİLECEK PARÇA BOYU]]+$O$2))=0, 0, IF( (SK[[#This Row],[BOY]]-MOD(SK[[#This Row],[KESİLECEK PARÇA ADEDİ ]], INT((SK[[#This Row],[BOY]]+$O$2)/(SK[[#This Row],[KESİLECEK PARÇA BOYU]]+$O$2)) )*(SK[[#This Row],[KESİLECEK PARÇA BOYU]]+$O$2))>$P$2, IF( MOD(SK[[#This Row],[KESİLECEK PARÇA ADEDİ ]], INT((SK[[#This Row],[BOY]]+$O$2)/(SK[[#This Row],[KESİLECEK PARÇA BOYU]]+$O$2)))=0, 0, SK[[#This Row],[BOY]]-MOD(SK[[#This Row],[KESİLECEK PARÇA ADEDİ ]], INT((SK[[#This Row],[BOY]]+$O$2)/(SK[[#This Row],[KESİLECEK PARÇA BOYU]]+$O$2)))*(SK[[#This Row],[KESİLECEK PARÇA BOYU]]+$O$2) ), 0 ) ), 0 ), 0) -> 0 | K83: =IFERROR( IF( IF( MOD(SK[[#This Row],[BOY]],SK[[#This Row],[KESİLECEK PARÇA BOYU]])-$O$2*INT(SK[[#This Row],[BOY]]/SK[[#This Row],[KESİLECEK PARÇA BOYU]])>$P$2, (MOD(SK[[#This Row],[BOY]],SK[[#This Row],[KESİLECEK PARÇA BOYU]])-$O$2*INT(SK[[#This Row],[BOY]]/SK[[#This Row],[KESİLECEK PARÇA BOYU]])), 0 )>0,IF( MOD(SK[[#This Row],[BOY]],SK[[#This Row],[KESİLECEK PARÇA BOYU]])-$O$2*INT(SK[[#This Row],[BOY]]/SK[[#This Row],[KESİLECEK PARÇA BOYU]])>$P$2, (MOD(SK[[#This Row],[BOY]],SK[[#This Row],[KESİLECEK PARÇA BOYU]])-$O$2*INT(SK[[#This Row],[BOY]]/SK[[#This Row],[KESİLECEK PARÇA BOYU]])), 0 ),0),0) -> 0 | L83: =IFERROR(IF(SK[[#This Row],[BOY]]-(SK[[#This Row],[KESİLECEK PARÇA BOYU]]+$O$2)*MOD(SK[[#This Row],[KESİLECEK PARÇA ADEDİ ]],INT(SK[[#This Row],[BOY]]/(SK[[#This Row],[KESİLECEK PARÇA BOYU]]+$O$2)))<SK[[#This Row],[BOY]],SK[[#This Row],[BOY]]-(SK[[#This Row],[KESİLECEK PARÇA BOYU]]+$O$2)*MOD(SK[[#This Row],[KESİLECEK PARÇA ADEDİ ]],INT(SK[[#This Row],[BOY]]/(SK[[#This Row],[KESİLECEK PARÇA BOYU]]+$O$2))),0),0) -> 0
H84: =IFERROR(IF( SK[[#This Row],[KESİLECEK PARÇA ADEDİ ]]*SK[[#This Row],[KESİLECEK PARÇA BOYU]] < SK[[#This Row],[BOY]] - 3*ROUNDUP(SK[[#This Row],[BOY]]/SK[[#This Row],[KESİLECEK PARÇA BOYU]] - 1, 0), 1, ROUNDUP(SK[[#This Row],[KESİLECEK PARÇA ADEDİ ]]/INT(SK[[#This Row],[BOY]]/(SK[[#This Row],[KESİLECEK PARÇA BOYU]]+$O$2)), 0) ),0) -> 0 | J84: =IFERROR( IF(SK[[#This Row],[GEREKLİ ADET]]=1, SK[[#This Row],[BOY]]-SK[[#This Row],[KESİLECEK PARÇA ADEDİ ]]*(SK[[#This Row],[KESİLECEK PARÇA BOYU]]+$O$2), IF( MOD(SK[[#This Row],[BOY]],SK[[#This Row],[KESİLECEK PARÇA BOYU]])-$O$2*INT(SK[[#This Row],[BOY]]/SK[[#This Row],[KESİLECEK PARÇA BOYU]])>$P$2, (MOD(SK[[#This Row],[BOY]],SK[[#This Row],[KESİLECEK PARÇA BOYU]])-$O$2*INT(SK[[#This Row],[BOY]]/SK[[#This Row],[KESİLECEK PARÇA BOYU]]))*SK[[#This Row],[GEREKLİ ADET]], 0 ) ) + IF(SK[[#This Row],[GEREKLİ ADET]]>1, IF( INT((SK[[#This Row],[BOY]]+$O$2)/(SK[[#This Row],[KESİLECEK PARÇA BOYU]]+$O$2))=0, 0, IF( (SK[[#This Row],[BOY]]-MOD(SK[[#This Row],[KESİLECEK PARÇA ADEDİ ]], INT((SK[[#This Row],[BOY]]+$O$2)/(SK[[#This Row],[KESİLECEK PARÇA BOYU]]+$O$2)) )*(SK[[#This Row],[KESİLECEK PARÇA BOYU]]+$O$2))>$P$2, IF( MOD(SK[[#This Row],[KESİLECEK PARÇA ADEDİ ]], INT((SK[[#This Row],[BOY]]+$O$2)/(SK[[#This Row],[KESİLECEK PARÇA BOYU]]+$O$2)))=0, 0, SK[[#This Row],[BOY]]-MOD(SK[[#This Row],[KESİLECEK PARÇA ADEDİ ]], INT((SK[[#This Row],[BOY]]+$O$2)/(SK[[#This Row],[KESİLECEK PARÇA BOYU]]+$O$2)))*(SK[[#This Row],[KESİLECEK PARÇA BOYU]]+$O$2) ), 0 ) ), 0 ), 0) -> 0 | K84: =IFERROR( IF( IF( MOD(SK[[#This Row],[BOY]],SK[[#This Row],[KESİLECEK PARÇA BOYU]])-$O$2*INT(SK[[#This Row],[BOY]]/SK[[#This Row],[KESİLECEK PARÇA BOYU]])>$P$2, (MOD(SK[[#This Row],[BOY]],SK[[#This Row],[KESİLECEK PARÇA BOYU]])-$O$2*INT(SK[[#This Row],[BOY]]/SK[[#This Row],[KESİLECEK PARÇA BOYU]])), 0 )>0,IF( MOD(SK[[#This Row],[BOY]],SK[[#This Row],[KESİLECEK PARÇA BOYU]])-$O$2*INT(SK[[#This Row],[BOY]]/SK[[#This Row],[KESİLECEK PARÇA BOYU]])>$P$2, (MOD(SK[[#This Row],[BOY]],SK[[#This Row],[KESİLECEK PARÇA BOYU]])-$O$2*INT(SK[[#This Row],[BOY]]/SK[[#This Row],[KESİLECEK PARÇA BOYU]])), 0 ),0),0) -> 0 | L84: =IFERROR(IF(SK[[#This Row],[BOY]]-(SK[[#This Row],[KESİLECEK PARÇA BOYU]]+$O$2)*MOD(SK[[#This Row],[KESİLECEK PARÇA ADEDİ ]],INT(SK[[#This Row],[BOY]]/(SK[[#This Row],[KESİLECEK PARÇA BOYU]]+$O$2)))<SK[[#This Row],[BOY]],SK[[#This Row],[BOY]]-(SK[[#This Row],[KESİLECEK PARÇA BOYU]]+$O$2)*MOD(SK[[#This Row],[KESİLECEK PARÇA ADEDİ ]],INT(SK[[#This Row],[BOY]]/(SK[[#This Row],[KESİLECEK PARÇA BOYU]]+$O$2))),0),0) -> 0
H85: =IFERROR(IF( SK[[#This Row],[KESİLECEK PARÇA ADEDİ ]]*SK[[#This Row],[KESİLECEK PARÇA BOYU]] < SK[[#This Row],[BOY]] - 3*ROUNDUP(SK[[#This Row],[BOY]]/SK[[#This Row],[KESİLECEK PARÇA BOYU]] - 1, 0), 1, ROUNDUP(SK[[#This Row],[KESİLECEK PARÇA ADEDİ ]]/INT(SK[[#This Row],[BOY]]/(SK[[#This Row],[KESİLECEK PARÇA BOYU]]+$O$2)), 0) ),0) -> 0 | J85: =IFERROR( IF(SK[[#This Row],[GEREKLİ ADET]]=1, SK[[#This Row],[BOY]]-SK[[#This Row],[KESİLECEK PARÇA ADEDİ ]]*(SK[[#This Row],[KESİLECEK PARÇA BOYU]]+$O$2), IF( MOD(SK[[#This Row],[BOY]],SK[[#This Row],[KESİLECEK PARÇA BOYU]])-$O$2*INT(SK[[#This Row],[BOY]]/SK[[#This Row],[KESİLECEK PARÇA BOYU]])>$P$2, (MOD(SK[[#This Row],[BOY]],SK[[#This Row],[KESİLECEK PARÇA BOYU]])-$O$2*INT(SK[[#This Row],[BOY]]/SK[[#This Row],[KESİLECEK PARÇA BOYU]]))*SK[[#This Row],[GEREKLİ ADET]], 0 ) ) + IF(SK[[#This Row],[GEREKLİ ADET]]>1, IF( INT((SK[[#This Row],[BOY]]+$O$2)/(SK[[#This Row],[KESİLECEK PARÇA BOYU]]+$O$2))=0, 0, IF( (SK[[#This Row],[BOY]]-MOD(SK[[#This Row],[KESİLECEK PARÇA ADEDİ ]], INT((SK[[#This Row],[BOY]]+$O$2)/(SK[[#This Row],[KESİLECEK PARÇA BOYU]]+$O$2)) )*(SK[[#This Row],[KESİLECEK PARÇA BOYU]]+$O$2))>$P$2, IF( MOD(SK[[#This Row],[KESİLECEK PARÇA ADEDİ ]], INT((SK[[#This Row],[BOY]]+$O$2)/(SK[[#This Row],[KESİLECEK PARÇA BOYU]]+$O$2)))=0, 0, SK[[#This Row],[BOY]]-MOD(SK[[#This Row],[KESİLECEK PARÇA ADEDİ ]], INT((SK[[#This Row],[BOY]]+$O$2)/(SK[[#This Row],[KESİLECEK PARÇA BOYU]]+$O$2)))*(SK[[#This Row],[KESİLECEK PARÇA BOYU]]+$O$2) ), 0 ) ), 0 ), 0) -> 0 | K85: =IFERROR( IF( IF( MOD(SK[[#This Row],[BOY]],SK[[#This Row],[KESİLECEK PARÇA BOYU]])-$O$2*INT(SK[[#This Row],[BOY]]/SK[[#This Row],[KESİLECEK PARÇA BOYU]])>$P$2, (MOD(SK[[#This Row],[BOY]],SK[[#This Row],[KESİLECEK PARÇA BOYU]])-$O$2*INT(SK[[#This Row],[BOY]]/SK[[#This Row],[KESİLECEK PARÇA BOYU]])), 0 )>0,IF( MOD(SK[[#This Row],[BOY]],SK[[#This Row],[KESİLECEK PARÇA BOYU]])-$O$2*INT(SK[[#This Row],[BOY]]/SK[[#This Row],[KESİLECEK PARÇA BOYU]])>$P$2, (MOD(SK[[#This Row],[BOY]],SK[[#This Row],[KESİLECEK PARÇA BOYU]])-$O$2*INT(SK[[#This Row],[BOY]]/SK[[#This Row],[KESİLECEK PARÇA BOYU]])), 0 ),0),0) -> 0 | L85: =IFERROR(IF(SK[[#This Row],[BOY]]-(SK[[#This Row],[KESİLECEK PARÇA BOYU]]+$O$2)*MOD(SK[[#This Row],[KESİLECEK PARÇA ADEDİ ]],INT(SK[[#This Row],[BOY]]/(SK[[#This Row],[KESİLECEK PARÇA BOYU]]+$O$2)))<SK[[#This Row],[BOY]],SK[[#This Row],[BOY]]-(SK[[#This Row],[KESİLECEK PARÇA BOYU]]+$O$2)*MOD(SK[[#This Row],[KESİLECEK PARÇA ADEDİ ]],INT(SK[[#This Row],[BOY]]/(SK[[#This Row],[KESİLECEK PARÇA BOYU]]+$O$2))),0),0) -> 0
H86: =IFERROR(IF( SK[[#This Row],[KESİLECEK PARÇA ADEDİ ]]*SK[[#This Row],[KESİLECEK PARÇA BOYU]] < SK[[#This Row],[BOY]] - 3*ROUNDUP(SK[[#This Row],[BOY]]/SK[[#This Row],[KESİLECEK PARÇA BOYU]] - 1, 0), 1, ROUNDUP(SK[[#This Row],[KESİLECEK PARÇA ADEDİ ]]/INT(SK[[#This Row],[BOY]]/(SK[[#This Row],[KESİLECEK PARÇA BOYU]]+$O$2)), 0) ),0) -> 0 | J86: =IFERROR( IF(SK[[#This Row],[GEREKLİ ADET]]=1, SK[[#This Row],[BOY]]-SK[[#This Row],[KESİLECEK PARÇA ADEDİ ]]*(SK[[#This Row],[KESİLECEK PARÇA BOYU]]+$O$2), IF( MOD(SK[[#This Row],[BOY]],SK[[#This Row],[KESİLECEK PARÇA BOYU]])-$O$2*INT(SK[[#This Row],[BOY]]/SK[[#This Row],[KESİLECEK PARÇA BOYU]])>$P$2, (MOD(SK[[#This Row],[BOY]],SK[[#This Row],[KESİLECEK PARÇA BOYU]])-$O$2*INT(SK[[#This Row],[BOY]]/SK[[#This Row],[KESİLECEK PARÇA BOYU]]))*SK[[#This Row],[GEREKLİ ADET]], 0 ) ) + IF(SK[[#This Row],[GEREKLİ ADET]]>1, IF( INT((SK[[#This Row],[BOY]]+$O$2)/(SK[[#This Row],[KESİLECEK PARÇA BOYU]]+$O$2))=0, 0, IF( (SK[[#This Row],[BOY]]-MOD(SK[[#This Row],[KESİLECEK PARÇA ADEDİ ]], INT((SK[[#This Row],[BOY]]+$O$2)/(SK[[#This Row],[KESİLECEK PARÇA BOYU]]+$O$2)) )*(SK[[#This Row],[KESİLECEK PARÇA BOYU]]+$O$2))>$P$2, IF( MOD(SK[[#This Row],[KESİLECEK PARÇA ADEDİ ]], INT((SK[[#This Row],[BOY]]+$O$2)/(SK[[#This Row],[KESİLECEK PARÇA BOYU]]+$O$2)))=0, 0, SK[[#This Row],[BOY]]-MOD(SK[[#This Row],[KESİLECEK PARÇA ADEDİ ]], INT((SK[[#This Row],[BOY]]+$O$2)/(SK[[#This Row],[KESİLECEK PARÇA BOYU]]+$O$2)))*(SK[[#This Row],[KESİLECEK PARÇA BOYU]]+$O$2) ), 0 ) ), 0 ), 0) -> 0 | K86: =IFERROR( IF( IF( MOD(SK[[#This Row],[BOY]],SK[[#This Row],[KESİLECEK PARÇA BOYU]])-$O$2*INT(SK[[#This Row],[BOY]]/SK[[#This Row],[KESİLECEK PARÇA BOYU]])>$P$2, (MOD(SK[[#This Row],[BOY]],SK[[#This Row],[KESİLECEK PARÇA BOYU]])-$O$2*INT(SK[[#This Row],[BOY]]/SK[[#This Row],[KESİLECEK PARÇA BOYU]])), 0 )>0,IF( MOD(SK[[#This Row],[BOY]],SK[[#This Row],[KESİLECEK PARÇA BOYU]])-$O$2*INT(SK[[#This Row],[BOY]]/SK[[#This Row],[KESİLECEK PARÇA BOYU]])>$P$2, (MOD(SK[[#This Row],[BOY]],SK[[#This Row],[KESİLECEK PARÇA BOYU]])-$O$2*INT(SK[[#This Row],[BOY]]/SK[[#This Row],[KESİLECEK PARÇA BOYU]])), 0 ),0),0) -> 0 | L86: =IFERROR(IF(SK[[#This Row],[BOY]]-(SK[[#This Row],[KESİLECEK PARÇA BOYU]]+$O$2)*MOD(SK[[#This Row],[KESİLECEK PARÇA ADEDİ ]],INT(SK[[#This Row],[BOY]]/(SK[[#This Row],[KESİLECEK PARÇA BOYU]]+$O$2)))<SK[[#This Row],[BOY]],SK[[#This Row],[BOY]]-(SK[[#This Row],[KESİLECEK PARÇA BOYU]]+$O$2)*MOD(SK[[#This Row],[KESİLECEK PARÇA ADEDİ ]],INT(SK[[#This Row],[BOY]]/(SK[[#This Row],[KESİLECEK PARÇA BOYU]]+$O$2))),0),0) -> 0
H87: =IFERROR(IF( SK[[#This Row],[KESİLECEK PARÇA ADEDİ ]]*SK[[#This Row],[KESİLECEK PARÇA BOYU]] < SK[[#This Row],[BOY]] - 3*ROUNDUP(SK[[#This Row],[BOY]]/SK[[#This Row],[KESİLECEK PARÇA BOYU]] - 1, 0), 1, ROUNDUP(SK[[#This Row],[KESİLECEK PARÇA ADEDİ ]]/INT(SK[[#This Row],[BOY]]/(SK[[#This Row],[KESİLECEK PARÇA BOYU]]+$O$2)), 0) ),0) -> 0 | J87: =IFERROR( IF(SK[[#This Row],[GEREKLİ ADET]]=1, SK[[#This Row],[BOY]]-SK[[#This Row],[KESİLECEK PARÇA ADEDİ ]]*(SK[[#This Row],[KESİLECEK PARÇA BOYU]]+$O$2), IF( MOD(SK[[#This Row],[BOY]],SK[[#This Row],[KESİLECEK PARÇA BOYU]])-$O$2*INT(SK[[#This Row],[BOY]]/SK[[#This Row],[KESİLECEK PARÇA BOYU]])>$P$2, (MOD(SK[[#This Row],[BOY]],SK[[#This Row],[KESİLECEK PARÇA BOYU]])-$O$2*INT(SK[[#This Row],[BOY]]/SK[[#This Row],[KESİLECEK PARÇA BOYU]]))*SK[[#This Row],[GEREKLİ ADET]], 0 ) ) + IF(SK[[#This Row],[GEREKLİ ADET]]>1, IF( INT((SK[[#This Row],[BOY]]+$O$2)/(SK[[#This Row],[KESİLECEK PARÇA BOYU]]+$O$2))=0, 0, IF( (SK[[#This Row],[BOY]]-MOD(SK[[#This Row],[KESİLECEK PARÇA ADEDİ ]], INT((SK[[#This Row],[BOY]]+$O$2)/(SK[[#This Row],[KESİLECEK PARÇA BOYU]]+$O$2)) )*(SK[[#This Row],[KESİLECEK PARÇA BOYU]]+$O$2))>$P$2, IF( MOD(SK[[#This Row],[KESİLECEK PARÇA ADEDİ ]], INT((SK[[#This Row],[BOY]]+$O$2)/(SK[[#This Row],[KESİLECEK PARÇA BOYU]]+$O$2)))=0, 0, SK[[#This Row],[BOY]]-MOD(SK[[#This Row],[KESİLECEK PARÇA ADEDİ ]], INT((SK[[#This Row],[BOY]]+$O$2)/(SK[[#This Row],[KESİLECEK PARÇA BOYU]]+$O$2)))*(SK[[#This Row],[KESİLECEK PARÇA BOYU]]+$O$2) ), 0 ) ), 0 ), 0) -> 0 | K87: =IFERROR( IF( IF( MOD(SK[[#This Row],[BOY]],SK[[#This Row],[KESİLECEK PARÇA BOYU]])-$O$2*INT(SK[[#This Row],[BOY]]/SK[[#This Row],[KESİLECEK PARÇA BOYU]])>$P$2, (MOD(SK[[#This Row],[BOY]],SK[[#This Row],[KESİLECEK PARÇA BOYU]])-$O$2*INT(SK[[#This Row],[BOY]]/SK[[#This Row],[KESİLECEK PARÇA BOYU]])), 0 )>0,IF( MOD(SK[[#This Row],[BOY]],SK[[#This Row],[KESİLECEK PARÇA BOYU]])-$O$2*INT(SK[[#This Row],[BOY]]/SK[[#This Row],[KESİLECEK PARÇA BOYU]])>$P$2, (MOD(SK[[#This Row],[BOY]],SK[[#This Row],[KESİLECEK PARÇA BOYU]])-$O$2*INT(SK[[#This Row],[BOY]]/SK[[#This Row],[KESİLECEK PARÇA BOYU]])), 0 ),0),0) -> 0 | L87: =IFERROR(IF(SK[[#This Row],[BOY]]-(SK[[#This Row],[KESİLECEK PARÇA BOYU]]+$O$2)*MOD(SK[[#This Row],[KESİLECEK PARÇA ADEDİ ]],INT(SK[[#This Row],[BOY]]/(SK[[#This Row],[KESİLECEK PARÇA BOYU]]+$O$2)))<SK[[#This Row],[BOY]],SK[[#This Row],[BOY]]-(SK[[#This Row],[KESİLECEK PARÇA BOYU]]+$O$2)*MOD(SK[[#This Row],[KESİLECEK PARÇA ADEDİ ]],INT(SK[[#This Row],[BOY]]/(SK[[#This Row],[KESİLECEK PARÇA BOYU]]+$O$2))),0),0) -> 0
... H123: =IFERROR(IF( SK[[#This Row],[KESİLECEK PARÇA ADEDİ ]]*SK[[#This Row],[KESİLECEK PARÇA BOYU]] < SK[[#This Row],[BOY]] - 3*ROUNDUP(SK[[#This Row],[BOY]]/SK[[#This Row],[KESİLECEK PARÇA BOYU]] - 1, 0), 1, ROUNDUP(SK[[#This Row],[KESİLECEK PARÇA ADEDİ ]]/INT(SK[[#This Row],[BOY]]/(SK[[#This Row],[KESİLECEK PARÇA BOYU]]+$O$2)), 0) ),0) -> 0 | J123: =IFERROR( IF(SK[[#This Row],[GEREKLİ ADET]]=1, SK[[#This Row],[BOY]]-SK[[#This Row],[KESİLECEK PARÇA ADEDİ ]]*(SK[[#This Row],[KESİLECEK PARÇA BOYU]]+$O$2), IF( MOD(SK[[#This Row],[BOY]],SK[[#This Row],[KESİLECEK PARÇA BOYU]])-$O$2*INT(SK[[#This Row],[BOY]]/SK[[#This Row],[KESİLECEK PARÇA BOYU]])>$P$2, (MOD(SK[[#This Row],[BOY]],SK[[#This Row],[KESİLECEK PARÇA BOYU]])-$O$2*INT(SK[[#This Row],[BOY]]/SK[[#This Row],[KESİLECEK PARÇA BOYU]]))*SK[[#This Row],[GEREKLİ ADET]], 0 ) ) + IF(SK[[#This Row],[GEREKLİ ADET]]>1, IF( INT((SK[[#This Row],[BOY]]+$O$2)/(SK[[#This Row],[KESİLECEK PARÇA BOYU]]+$O$2))=0, 0, IF( (SK[[#This Row],[BOY]]-MOD(SK[[#This Row],[KESİLECEK PARÇA ADEDİ ]], INT((SK[[#This Row],[BOY]]+$O$2)/(SK[[#This Row],[KESİLECEK PARÇA BOYU]]+$O$2)) )*(SK[[#This Row],[KESİLECEK PARÇA BOYU]]+$O$2))>$P$2, IF( MOD(SK[[#This Row],[KESİLECEK PARÇA ADEDİ ]], INT((SK[[#This Row],[BOY]]+$O$2)/(SK[[#This Row],[KESİLECEK PARÇA BOYU]]+$O$2)))=0, 0, SK[[#This Row],[BOY]]-MOD(SK[[#This Row],[KESİLECEK PARÇA ADEDİ ]], INT((SK[[#This Row],[BOY]]+$O$2)/(SK[[#This Row],[KESİLECEK PARÇA BOYU]]+$O$2)))*(SK[[#This Row],[KESİLECEK PARÇA BOYU]]+$O$2) ), 0 ) ), 0 ), 0) -> 0 | K123: =IFERROR( IF( IF( MOD(SK[[#This Row],[BOY]],SK[[#This Row],[KESİLECEK PARÇA BOYU]])-$O$2*INT(SK[[#This Row],[BOY]]/SK[[#This Row],[KESİLECEK PARÇA BOYU]])>$P$2, (MOD(SK[[#This Row],[BOY]],SK[[#This Row],[KESİLECEK PARÇA BOYU]])-$O$2*INT(SK[[#This Row],[BOY]]/SK[[#This Row],[KESİLECEK PARÇA BOYU]])), 0 )>0,IF( MOD(SK[[#This Row],[BOY]],SK[[#This Row],[KESİLECEK PARÇA BOYU]])-$O$2*INT(SK[[#This Row],[BOY]]/SK[[#This Row],[KESİLECEK PARÇA BOYU]])>$P$2, (MOD(SK[[#This Row],[BOY]],SK[[#This Row],[KESİLECEK PARÇA BOYU]])-$O$2*INT(SK[[#This Row],[BOY]]/SK[[#This Row],[KESİLECEK PARÇA BOYU]])), 0 ),0),0) -> 0 | L123: =IFERROR(IF(SK[[#This Row],[BOY]]-(SK[[#This Row],[KESİLECEK PARÇA BOYU]]+$O$2)*MOD(SK[[#This Row],[KESİLECEK PARÇA ADEDİ ]],INT(SK[[#This Row],[BOY]]/(SK[[#This Row],[KESİLECEK PARÇA BOYU]]+$O$2)))<SK[[#This Row],[BOY]],SK[[#This Row],[BOY]]-(SK[[#This Row],[KESİLECEK PARÇA BOYU]]+$O$2)*MOD(SK[[#This Row],[KESİLECEK PARÇA ADEDİ ]],INT(SK[[#This Row],[BOY]]/(SK[[#This Row],[KESİLECEK PARÇA BOYU]]+$O$2))),0),0) -> 0
H124: =IFERROR(IF( SK[[#This Row],[KESİLECEK PARÇA ADEDİ ]]*SK[[#This Row],[KESİLECEK PARÇA BOYU]] < SK[[#This Row],[BOY]] - 3*ROUNDUP(SK[[#This Row],[BOY]]/SK[[#This Row],[KESİLECEK PARÇA BOYU]] - 1, 0), 1, ROUNDUP(SK[[#This Row],[KESİLECEK PARÇA ADEDİ ]]/INT(SK[[#This Row],[BOY]]/(SK[[#This Row],[KESİLECEK PARÇA BOYU]]+$O$2)), 0) ),0) -> 0 | I124: 12000 | J124: =IFERROR( IF(SK[[#This Row],[GEREKLİ ADET]]=1, SK[[#This Row],[BOY]]-SK[[#This Row],[KESİLECEK PARÇA ADEDİ ]]*(SK[[#This Row],[KESİLECEK PARÇA BOYU]]+$O$2), IF( MOD(SK[[#This Row],[BOY]],SK[[#This Row],[KESİLECEK PARÇA BOYU]])-$O$2*INT(SK[[#This Row],[BOY]]/SK[[#This Row],[KESİLECEK PARÇA BOYU]])>$P$2, (MOD(SK[[#This Row],[BOY]],SK[[#This Row],[KESİLECEK PARÇA BOYU]])-$O$2*INT(SK[[#This Row],[BOY]]/SK[[#This Row],[KESİLECEK PARÇA BOYU]]))*SK[[#This Row],[GEREKLİ ADET]], 0 ) ) + IF(SK[[#This Row],[GEREKLİ ADET]]>1, IF( INT((SK[[#This Row],[BOY]]+$O$2)/(SK[[#This Row],[KESİLECEK PARÇA BOYU]]+$O$2))=0, 0, IF( (SK[[#This Row],[BOY]]-MOD(SK[[#This Row],[KESİLECEK PARÇA ADEDİ ]], INT((SK[[#This Row],[BOY]]+$O$2)/(SK[[#This Row],[KESİLECEK PARÇA BOYU]]+$O$2)) )*(SK[[#This Row],[KESİLECEK PARÇA BOYU]]+$O$2))>$P$2, IF( MOD(SK[[#This Row],[KESİLECEK PARÇA ADEDİ ]], INT((SK[[#This Row],[BOY]]+$O$2)/(SK[[#This Row],[KESİLECEK PARÇA BOYU]]+$O$2)))=0, 0, SK[[#This Row],[BOY]]-MOD(SK[[#This Row],[KESİLECEK PARÇA ADEDİ ]], INT((SK[[#This Row],[BOY]]+$O$2)/(SK[[#This Row],[KESİLECEK PARÇA BOYU]]+$O$2)))*(SK[[#This Row],[KESİLECEK PARÇA BOYU]]+$O$2) ), 0 ) ), 0 ), 0) -> 0 | K124: =IFERROR( IF( IF( MOD(SK[[#This Row],[BOY]],SK[[#This Row],[KESİLECEK PARÇA BOYU]])-$O$2*INT(SK[[#This Row],[BOY]]/SK[[#This Row],[KESİLECEK PARÇA BOYU]])>$P$2, (MOD(SK[[#This Row],[BOY]],SK[[#This Row],[KESİLECEK PARÇA BOYU]])-$O$2*INT(SK[[#This Row],[BOY]]/SK[[#This Row],[KESİLECEK PARÇA BOYU]])), 0 )>0,IF( MOD(SK[[#This Row],[BOY]],SK[[#This Row],[KESİLECEK PARÇA BOYU]])-$O$2*INT(SK[[#This Row],[BOY]]/SK[[#This Row],[KESİLECEK PARÇA BOYU]])>$P$2, (MOD(SK[[#This Row],[BOY]],SK[[#This Row],[KESİLECEK PARÇA BOYU]])-$O$2*INT(SK[[#This Row],[BOY]]/SK[[#This Row],[KESİLECEK PARÇA BOYU]])), 0 ),0),0) -> 0 | L124: =IFERROR(IF(SK[[#This Row],[BOY]]-(SK[[#This Row],[KESİLECEK PARÇA BOYU]]+$O$2)*MOD(SK[[#This Row],[KESİLECEK PARÇA ADEDİ ]],INT(SK[[#This Row],[BOY]]/(SK[[#This Row],[KESİLECEK PARÇA BOYU]]+$O$2)))<SK[[#This Row],[BOY]],SK[[#This Row],[BOY]]-(SK[[#This Row],[KESİLECEK PARÇA BOYU]]+$O$2)*MOD(SK[[#This Row],[KESİLECEK PARÇA ADEDİ ]],INT(SK[[#This Row],[BOY]]/(SK[[#This Row],[KESİLECEK PARÇA BOYU]]+$O$2))),0),0) -> 0
H125: =IFERROR(IF( SK[[#This Row],[KESİLECEK PARÇA ADEDİ ]]*SK[[#This Row],[KESİLECEK PARÇA BOYU]] < SK[[#This Row],[BOY]] - 3*ROUNDUP(SK[[#This Row],[BOY]]/SK[[#This Row],[KESİLECEK PARÇA BOYU]] - 1, 0), 1, ROUNDUP(SK[[#This Row],[KESİLECEK PARÇA ADEDİ ]]/INT(SK[[#This Row],[BOY]]/(SK[[#This Row],[KESİLECEK PARÇA BOYU]]+$O$2)), 0) ),0) -> 0 | J125: =IFERROR( IF(SK[[#This Row],[GEREKLİ ADET]]=1, SK[[#This Row],[BOY]]-SK[[#This Row],[KESİLECEK PARÇA ADEDİ ]]*(SK[[#This Row],[KESİLECEK PARÇA BOYU]]+$O$2), IF( MOD(SK[[#This Row],[BOY]],SK[[#This Row],[KESİLECEK PARÇA BOYU]])-$O$2*INT(SK[[#This Row],[BOY]]/SK[[#This Row],[KESİLECEK PARÇA BOYU]])>$P$2, (MOD(SK[[#This Row],[BOY]],SK[[#This Row],[KESİLECEK PARÇA BOYU]])-$O$2*INT(SK[[#This Row],[BOY]]/SK[[#This Row],[KESİLECEK PARÇA BOYU]]))*SK[[#This Row],[GEREKLİ ADET]], 0 ) ) + IF(SK[[#This Row],[GEREKLİ ADET]]>1, IF( INT((SK[[#This Row],[BOY]]+$O$2)/(SK[[#This Row],[KESİLECEK PARÇA BOYU]]+$O$2))=0, 0, IF( (SK[[#This Row],[BOY]]-MOD(SK[[#This Row],[KESİLECEK PARÇA ADEDİ ]], INT((SK[[#This Row],[BOY]]+$O$2)/(SK[[#This Row],[KESİLECEK PARÇA BOYU]]+$O$2)) )*(SK[[#This Row],[KESİLECEK PARÇA BOYU]]+$O$2))>$P$2, IF( MOD(SK[[#This Row],[KESİLECEK PARÇA ADEDİ ]], INT((SK[[#This Row],[BOY]]+$O$2)/(SK[[#This Row],[KESİLECEK PARÇA BOYU]]+$O$2)))=0, 0, SK[[#This Row],[BOY]]-MOD(SK[[#This Row],[KESİLECEK PARÇA ADEDİ ]], INT((SK[[#This Row],[BOY]]+$O$2)/(SK[[#This Row],[KESİLECEK PARÇA BOYU]]+$O$2)))*(SK[[#This Row],[KESİLECEK PARÇA BOYU]]+$O$2) ), 0 ) ), 0 ), 0) -> 0 | K125: =IFERROR( IF( IF( MOD(SK[[#This Row],[BOY]],SK[[#This Row],[KESİLECEK PARÇA BOYU]])-$O$2*INT(SK[[#This Row],[BOY]]/SK[[#This Row],[KESİLECEK PARÇA BOYU]])>$P$2, (MOD(SK[[#This Row],[BOY]],SK[[#This Row],[KESİLECEK PARÇA BOYU]])-$O$2*INT(SK[[#This Row],[BOY]]/SK[[#This Row],[KESİLECEK PARÇA BOYU]])), 0 )>0,IF( MOD(SK[[#This Row],[BOY]],SK[[#This Row],[KESİLECEK PARÇA BOYU]])-$O$2*INT(SK[[#This Row],[BOY]]/SK[[#This Row],[KESİLECEK PARÇA BOYU]])>$P$2, (MOD(SK[[#This Row],[BOY]],SK[[#This Row],[KESİLECEK PARÇA BOYU]])-$O$2*INT(SK[[#This Row],[BOY]]/SK[[#This Row],[KESİLECEK PARÇA BOYU]])), 0 ),0),0) -> 0 | L125: =IFERROR(IF(SK[[#This Row],[BOY]]-(SK[[#This Row],[KESİLECEK PARÇA BOYU]]+$O$2)*MOD(SK[[#This Row],[KESİLECEK PARÇA ADEDİ ]],INT(SK[[#This Row],[BOY]]/(SK[[#This Row],[KESİLECEK PARÇA BOYU]]+$O$2)))<SK[[#This Row],[BOY]],SK[[#This Row],[BOY]]-(SK[[#This Row],[KESİLECEK PARÇA BOYU]]+$O$2)*MOD(SK[[#This Row],[KESİLECEK PARÇA ADEDİ ]],INT(SK[[#This Row],[BOY]]/(SK[[#This Row],[KESİLECEK PARÇA BOYU]]+$O$2))),0),0) -> 0
H126: =IFERROR(IF( SK[[#This Row],[KESİLECEK PARÇA ADEDİ ]]*SK[[#This Row],[KESİLECEK PARÇA BOYU]] < SK[[#This Row],[BOY]] - 3*ROUNDUP(SK[[#This Row],[BOY]]/SK[[#This Row],[KESİLECEK PARÇA BOYU]] - 1, 0), 1, ROUNDUP(SK[[#This Row],[KESİLECEK PARÇA ADEDİ ]]/INT(SK[[#This Row],[BOY]]/(SK[[#This Row],[KESİLECEK PARÇA BOYU]]+$O$2)), 0) ),0) -> 0 | J126: =IFERROR( IF(SK[[#This Row],[GEREKLİ ADET]]=1, SK[[#This Row],[BOY]]-SK[[#This Row],[KESİLECEK PARÇA ADEDİ ]]*(SK[[#This Row],[KESİLECEK PARÇA BOYU]]+$O$2), IF( MOD(SK[[#This Row],[BOY]],SK[[#This Row],[KESİLECEK PARÇA BOYU]])-$O$2*INT(SK[[#This Row],[BOY]]/SK[[#This Row],[KESİLECEK PARÇA BOYU]])>$P$2, (MOD(SK[[#This Row],[BOY]],SK[[#This Row],[KESİLECEK PARÇA BOYU]])-$O$2*INT(SK[[#This Row],[BOY]]/SK[[#This Row],[KESİLECEK PARÇA BOYU]]))*SK[[#This Row],[GEREKLİ ADET]], 0 ) ) + IF(SK[[#This Row],[GEREKLİ ADET]]>1, IF( INT((SK[[#This Row],[BOY]]+$O$2)/(SK[[#This Row],[KESİLECEK PARÇA BOYU]]+$O$2))=0, 0, IF( (SK[[#This Row],[BOY]]-MOD(SK[[#This Row],[KESİLECEK PARÇA ADEDİ ]], INT((SK[[#This Row],[BOY]]+$O$2)/(SK[[#This Row],[KESİLECEK PARÇA BOYU]]+$O$2)) )*(SK[[#This Row],[KESİLECEK PARÇA BOYU]]+$O$2))>$P$2, IF( MOD(SK[[#This Row],[KESİLECEK PARÇA ADEDİ ]], INT((SK[[#This Row],[BOY]]+$O$2)/(SK[[#This Row],[KESİLECEK PARÇA BOYU]]+$O$2)))=0, 0, SK[[#This Row],[BOY]]-MOD(SK[[#This Row],[KESİLECEK PARÇA ADEDİ ]], INT((SK[[#This Row],[BOY]]+$O$2)/(SK[[#This Row],[KESİLECEK PARÇA BOYU]]+$O$2)))*(SK[[#This Row],[KESİLECEK PARÇA BOYU]]+$O$2) ), 0 ) ), 0 ), 0) -> 0 | K126: =IFERROR( IF( IF( MOD(SK[[#This Row],[BOY]],SK[[#This Row],[KESİLECEK PARÇA BOYU]])-$O$2*INT(SK[[#This Row],[BOY]]/SK[[#This Row],[KESİLECEK PARÇA BOYU]])>$P$2, (MOD(SK[[#This Row],[BOY]],SK[[#This Row],[KESİLECEK PARÇA BOYU]])-$O$2*INT(SK[[#This Row],[BOY]]/SK[[#This Row],[KESİLECEK PARÇA BOYU]])), 0 )>0,IF( MOD(SK[[#This Row],[BOY]],SK[[#This Row],[KESİLECEK PARÇA BOYU]])-$O$2*INT(SK[[#This Row],[BOY]]/SK[[#This Row],[KESİLECEK PARÇA BOYU]])>$P$2, (MOD(SK[[#This Row],[BOY]],SK[[#This Row],[KESİLECEK PARÇA BOYU]])-$O$2*INT(SK[[#This Row],[BOY]]/SK[[#This Row],[KESİLECEK PARÇA BOYU]])), 0 ),0),0) -> 0 | L126: =IFERROR(IF(SK[[#This Row],[BOY]]-(SK[[#This Row],[KESİLECEK PARÇA BOYU]]+$O$2)*MOD(SK[[#This Row],[KESİLECEK PARÇA ADEDİ ]],INT(SK[[#This Row],[BOY]]/(SK[[#This Row],[KESİLECEK PARÇA BOYU]]+$O$2)))<SK[[#This Row],[BOY]],SK[[#This Row],[BOY]]-(SK[[#This Row],[KESİLECEK PARÇA BOYU]]+$O$2)*MOD(SK[[#This Row],[KESİLECEK PARÇA ADEDİ ]],INT(SK[[#This Row],[BOY]]/(SK[[#This Row],[KESİLECEK PARÇA BOYU]]+$O$2))),0),0) -> 0
H127: =IFERROR(IF( SK[[#This Row],[KESİLECEK PARÇA ADEDİ ]]*SK[[#This Row],[KESİLECEK PARÇA BOYU]] < SK[[#This Row],[BOY]] - 3*ROUNDUP(SK[[#This Row],[BOY]]/SK[[#This Row],[KESİLECEK PARÇA BOYU]] - 1, 0), 1, ROUNDUP(SK[[#This Row],[KESİLECEK PARÇA ADEDİ ]]/INT(SK[[#This Row],[BOY]]/(SK[[#This Row],[KESİLECEK PARÇA BOYU]]+$O$2)), 0) ),0) -> 0 | J127: =IFERROR( IF(SK[[#This Row],[GEREKLİ ADET]]=1, SK[[#This Row],[BOY]]-SK[[#This Row],[KESİLECEK PARÇA ADEDİ ]]*(SK[[#This Row],[KESİLECEK PARÇA BOYU]]+$O$2), IF( MOD(SK[[#This Row],[BOY]],SK[[#This Row],[KESİLECEK PARÇA BOYU]])-$O$2*INT(SK[[#This Row],[BOY]]/SK[[#This Row],[KESİLECEK PARÇA BOYU]])>$P$2, (MOD(SK[[#This Row],[BOY]],SK[[#This Row],[KESİLECEK PARÇA BOYU]])-$O$2*INT(SK[[#This Row],[BOY]]/SK[[#This Row],[KESİLECEK PARÇA BOYU]]))*SK[[#This Row],[GEREKLİ ADET]], 0 ) ) + IF(SK[[#This Row],[GEREKLİ ADET]]>1, IF( INT((SK[[#This Row],[BOY]]+$O$2)/(SK[[#This Row],[KESİLECEK PARÇA BOYU]]+$O$2))=0, 0, IF( (SK[[#This Row],[BOY]]-MOD(SK[[#This Row],[KESİLECEK PARÇA ADEDİ ]], INT((SK[[#This Row],[BOY]]+$O$2)/(SK[[#This Row],[KESİLECEK PARÇA BOYU]]+$O$2)) )*(SK[[#This Row],[KESİLECEK PARÇA BOYU]]+$O$2))>$P$2, IF( MOD(SK[[#This Row],[KESİLECEK PARÇA ADEDİ ]], INT((SK[[#This Row],[BOY]]+$O$2)/(SK[[#This Row],[KESİLECEK PARÇA BOYU]]+$O$2)))=0, 0, SK[[#This Row],[BOY]]-MOD(SK[[#This Row],[KESİLECEK PARÇA ADEDİ ]], INT((SK[[#This Row],[BOY]]+$O$2)/(SK[[#This Row],[KESİLECEK PARÇA BOYU]]+$O$2)))*(SK[[#This Row],[KESİLECEK PARÇA BOYU]]+$O$2) ), 0 ) ), 0 ), 0) -> 0 | K127: =IFERROR( IF( IF( MOD(SK[[#This Row],[BOY]],SK[[#This Row],[KESİLECEK PARÇA BOYU]])-$O$2*INT(SK[[#This Row],[BOY]]/SK[[#This Row],[KESİLECEK PARÇA BOYU]])>$P$2, (MOD(SK[[#This Row],[BOY]],SK[[#This Row],[KESİLECEK PARÇA BOYU]])-$O$2*INT(SK[[#This Row],[BOY]]/SK[[#This Row],[KESİLECEK PARÇA BOYU]])), 0 )>0,IF( MOD(SK[[#This Row],[BOY]],SK[[#This Row],[KESİLECEK PARÇA BOYU]])-$O$2*INT(SK[[#This Row],[BOY]]/SK[[#This Row],[KESİLECEK PARÇA BOYU]])>$P$2, (MOD(SK[[#This Row],[BOY]],SK[[#This Row],[KESİLECEK PARÇA BOYU]])-$O$2*INT(SK[[#This Row],[BOY]]/SK[[#This Row],[KESİLECEK PARÇA BOYU]])), 0 ),0),0) -> 0 | L127: =IFERROR(IF(SK[[#This Row],[BOY]]-(SK[[#This Row],[KESİLECEK PARÇA BOYU]]+$O$2)*MOD(SK[[#This Row],[KESİLECEK PARÇA ADEDİ ]],INT(SK[[#This Row],[BOY]]/(SK[[#This Row],[KESİLECEK PARÇA BOYU]]+$O$2)))<SK[[#This Row],[BOY]],SK[[#This Row],[BOY]]-(SK[[#This Row],[KESİLECEK PARÇA BOYU]]+$O$2)*MOD(SK[[#This Row],[KESİLECEK PARÇA ADEDİ ]],INT(SK[[#This Row],[BOY]]/(SK[[#This Row],[KESİLECEK PARÇA BOYU]]+$O$2))),0),0) -> 0
H128: =IFERROR(IF( SK[[#This Row],[KESİLECEK PARÇA ADEDİ ]]*SK[[#This Row],[KESİLECEK PARÇA BOYU]] < SK[[#This Row],[BOY]] - 3*ROUNDUP(SK[[#This Row],[BOY]]/SK[[#This Row],[KESİLECEK PARÇA BOYU]] - 1, 0), 1, ROUNDUP(SK[[#This Row],[KESİLECEK PARÇA ADEDİ ]]/INT(SK[[#This Row],[BOY]]/(SK[[#This Row],[KESİLECEK PARÇA BOYU]]+$O$2)), 0) ),0) -> 0 | J128: =IFERROR( IF(SK[[#This Row],[GEREKLİ ADET]]=1, SK[[#This Row],[BOY]]-SK[[#This Row],[KESİLECEK PARÇA ADEDİ ]]*(SK[[#This Row],[KESİLECEK PARÇA BOYU]]+$O$2), IF( MOD(SK[[#This Row],[BOY]],SK[[#This Row],[KESİLECEK PARÇA BOYU]])-$O$2*INT(SK[[#This Row],[BOY]]/SK[[#This Row],[KESİLECEK PARÇA BOYU]])>$P$2, (MOD(SK[[#This Row],[BOY]],SK[[#This Row],[KESİLECEK PARÇA BOYU]])-$O$2*INT(SK[[#This Row],[BOY]]/SK[[#This Row],[KESİLECEK PARÇA BOYU]]))*SK[[#This Row],[GEREKLİ ADET]], 0 ) ) + IF(SK[[#This Row],[GEREKLİ ADET]]>1, IF( INT((SK[[#This Row],[BOY]]+$O$2)/(SK[[#This Row],[KESİLECEK PARÇA BOYU]]+$O$2))=0, 0, IF( (SK[[#This Row],[BOY]]-MOD(SK[[#This Row],[KESİLECEK PARÇA ADEDİ ]], INT((SK[[#This Row],[BOY]]+$O$2)/(SK[[#This Row],[KESİLECEK PARÇA BOYU]]+$O$2)) )*(SK[[#This Row],[KESİLECEK PARÇA BOYU]]+$O$2))>$P$2, IF( MOD(SK[[#This Row],[KESİLECEK PARÇA ADEDİ ]], INT((SK[[#This Row],[BOY]]+$O$2)/(SK[[#This Row],[KESİLECEK PARÇA BOYU]]+$O$2)))=0, 0, SK[[#This Row],[BOY]]-MOD(SK[[#This Row],[KESİLECEK PARÇA ADEDİ ]], INT((SK[[#This Row],[BOY]]+$O$2)/(SK[[#This Row],[KESİLECEK PARÇA BOYU]]+$O$2)))*(SK[[#This Row],[KESİLECEK PARÇA BOYU]]+$O$2) ), 0 ) ), 0 ), 0) -> 0 | K128: =IFERROR( IF( IF( MOD(SK[[#This Row],[BOY]],SK[[#This Row],[KESİLECEK PARÇA BOYU]])-$O$2*INT(SK[[#This Row],[BOY]]/SK[[#This Row],[KESİLECEK PARÇA BOYU]])>$P$2, (MOD(SK[[#This Row],[BOY]],SK[[#This Row],[KESİLECEK PARÇA BOYU]])-$O$2*INT(SK[[#This Row],[BOY]]/SK[[#This Row],[KESİLECEK PARÇA BOYU]])), 0 )>0,IF( MOD(SK[[#This Row],[BOY]],SK[[#This Row],[KESİLECEK PARÇA BOYU]])-$O$2*INT(SK[[#This Row],[BOY]]/SK[[#This Row],[KESİLECEK PARÇA BOYU]])>$P$2, (MOD(SK[[#This Row],[BOY]],SK[[#This Row],[KESİLECEK PARÇA BOYU]])-$O$2*INT(SK[[#This Row],[BOY]]/SK[[#This Row],[KESİLECEK PARÇA BOYU]])), 0 ),0),0) -> 0 | L128: =IFERROR(IF(SK[[#This Row],[BOY]]-(SK[[#This Row],[KESİLECEK PARÇA BOYU]]+$O$2)*MOD(SK[[#This Row],[KESİLECEK PARÇA ADEDİ ]],INT(SK[[#This Row],[BOY]]/(SK[[#This Row],[KESİLECEK PARÇA BOYU]]+$O$2)))<SK[[#This Row],[BOY]],SK[[#This Row],[BOY]]-(SK[[#This Row],[KESİLECEK PARÇA BOYU]]+$O$2)*MOD(SK[[#This Row],[KESİLECEK PARÇA ADEDİ ]],INT(SK[[#This Row],[BOY]]/(SK[[#This Row],[KESİLECEK PARÇA BOYU]]+$O$2))),0),0) -> 0
H129: =IFERROR(IF( SK[[#This Row],[KESİLECEK PARÇA ADEDİ ]]*SK[[#This Row],[KESİLECEK PARÇA BOYU]] < SK[[#This Row],[BOY]] - 3*ROUNDUP(SK[[#This Row],[BOY]]/SK[[#This Row],[KESİLECEK PARÇA BOYU]] - 1, 0), 1, ROUNDUP(SK[[#This Row],[KESİLECEK PARÇA ADEDİ ]]/INT(SK[[#This Row],[BOY]]/(SK[[#This Row],[KESİLECEK PARÇA BOYU]]+$O$2)), 0) ),0) -> 0 | J129: =IFERROR( IF(SK[[#This Row],[GEREKLİ ADET]]=1, SK[[#This Row],[BOY]]-SK[[#This Row],[KESİLECEK PARÇA ADEDİ ]]*(SK[[#This Row],[KESİLECEK PARÇA BOYU]]+$O$2), IF( MOD(SK[[#This Row],[BOY]],SK[[#This Row],[KESİLECEK PARÇA BOYU]])-$O$2*INT(SK[[#This Row],[BOY]]/SK[[#This Row],[KESİLECEK PARÇA BOYU]])>$P$2, (MOD(SK[[#This Row],[BOY]],SK[[#This Row],[KESİLECEK PARÇA BOYU]])-$O$2*INT(SK[[#This Row],[BOY]]/SK[[#This Row],[KESİLECEK PARÇA BOYU]]))*SK[[#This Row],[GEREKLİ ADET]], 0 ) ) + IF(SK[[#This Row],[GEREKLİ ADET]]>1, IF( INT((SK[[#This Row],[BOY]]+$O$2)/(SK[[#This Row],[KESİLECEK PARÇA BOYU]]+$O$2))=0, 0, IF( (SK[[#This Row],[BOY]]-MOD(SK[[#This Row],[KESİLECEK PARÇA ADEDİ ]], INT((SK[[#This Row],[BOY]]+$O$2)/(SK[[#This Row],[KESİLECEK PARÇA BOYU]]+$O$2)) )*(SK[[#This Row],[KESİLECEK PARÇA BOYU]]+$O$2))>$P$2, IF( MOD(SK[[#This Row],[KESİLECEK PARÇA ADEDİ ]], INT((SK[[#This Row],[BOY]]+$O$2)/(SK[[#This Row],[KESİLECEK PARÇA BOYU]]+$O$2)))=0, 0, SK[[#This Row],[BOY]]-MOD(SK[[#This Row],[KESİLECEK PARÇA ADEDİ ]], INT((SK[[#This Row],[BOY]]+$O$2)/(SK[[#This Row],[KESİLECEK PARÇA BOYU]]+$O$2)))*(SK[[#This Row],[KESİLECEK PARÇA BOYU]]+$O$2) ), 0 ) ), 0 ), 0) -> 0 | K129: =IFERROR( IF( IF( MOD(SK[[#This Row],[BOY]],SK[[#This Row],[KESİLECEK PARÇA BOYU]])-$O$2*INT(SK[[#This Row],[BOY]]/SK[[#This Row],[KESİLECEK PARÇA BOYU]])>$P$2, (MOD(SK[[#This Row],[BOY]],SK[[#This Row],[KESİLECEK PARÇA BOYU]])-$O$2*INT(SK[[#This Row],[BOY]]/SK[[#This Row],[KESİLECEK PARÇA BOYU]])), 0 )>0,IF( MOD(SK[[#This Row],[BOY]],SK[[#This Row],[KESİLECEK PARÇA BOYU]])-$O$2*INT(SK[[#This Row],[BOY]]/SK[[#This Row],[KESİLECEK PARÇA BOYU]])>$P$2, (MOD(SK[[#This Row],[BOY]],SK[[#This Row],[KESİLECEK PARÇA BOYU]])-$O$2*INT(SK[[#This Row],[BOY]]/SK[[#This Row],[KESİLECEK PARÇA BOYU]])), 0 ),0),0) -> 0 | L129: =IFERROR(IF(SK[[#This Row],[BOY]]-(SK[[#This Row],[KESİLECEK PARÇA BOYU]]+$O$2)*MOD(SK[[#This Row],[KESİLECEK PARÇA ADEDİ ]],INT(SK[[#This Row],[BOY]]/(SK[[#This Row],[KESİLECEK PARÇA BOYU]]+$O$2)))<SK[[#This Row],[BOY]],SK[[#This Row],[BOY]]-(SK[[#This Row],[KESİLECEK PARÇA BOYU]]+$O$2)*MOD(SK[[#This Row],[KESİLECEK PARÇA ADEDİ ]],INT(SK[[#This Row],[BOY]]/(SK[[#This Row],[KESİLECEK PARÇA BOYU]]+$O$2))),0),0) -> 0
H130: =IFERROR(IF( SK[[#This Row],[KESİLECEK PARÇA ADEDİ ]]*SK[[#This Row],[KESİLECEK PARÇA BOYU]] < SK[[#This Row],[BOY]] - 3*ROUNDUP(SK[[#This Row],[BOY]]/SK[[#This Row],[KESİLECEK PARÇA BOYU]] - 1, 0), 1, ROUNDUP(SK[[#This Row],[KESİLECEK PARÇA ADEDİ ]]/INT(SK[[#This Row],[BOY]]/(SK[[#This Row],[KESİLECEK PARÇA BOYU]]+$O$2)), 0) ),0) -> 0 | J130: =IFERROR( IF(SK[[#This Row],[GEREKLİ ADET]]=1, SK[[#This Row],[BOY]]-SK[[#This Row],[KESİLECEK PARÇA ADEDİ ]]*(SK[[#This Row],[KESİLECEK PARÇA BOYU]]+$O$2), IF( MOD(SK[[#This Row],[BOY]],SK[[#This Row],[KESİLECEK PARÇA BOYU]])-$O$2*INT(SK[[#This Row],[BOY]]/SK[[#This Row],[KESİLECEK PARÇA BOYU]])>$P$2, (MOD(SK[[#This Row],[BOY]],SK[[#This Row],[KESİLECEK PARÇA BOYU]])-$O$2*INT(SK[[#This Row],[BOY]]/SK[[#This Row],[KESİLECEK PARÇA BOYU]]))*SK[[#This Row],[GEREKLİ ADET]], 0 ) ) + IF(SK[[#This Row],[GEREKLİ ADET]]>1, IF( INT((SK[[#This Row],[BOY]]+$O$2)/(SK[[#This Row],[KESİLECEK PARÇA BOYU]]+$O$2))=0, 0, IF( (SK[[#This Row],[BOY]]-MOD(SK[[#This Row],[KESİLECEK PARÇA ADEDİ ]], INT((SK[[#This Row],[BOY]]+$O$2)/(SK[[#This Row],[KESİLECEK PARÇA BOYU]]+$O$2)) )*(SK[[#This Row],[KESİLECEK PARÇA BOYU]]+$O$2))>$P$2, IF( MOD(SK[[#This Row],[KESİLECEK PARÇA ADEDİ ]], INT((SK[[#This Row],[BOY]]+$O$2)/(SK[[#This Row],[KESİLECEK PARÇA BOYU]]+$O$2)))=0, 0, SK[[#This Row],[BOY]]-MOD(SK[[#This Row],[KESİLECEK PARÇA ADEDİ ]], INT((SK[[#This Row],[BOY]]+$O$2)/(SK[[#This Row],[KESİLECEK PARÇA BOYU]]+$O$2)))*(SK[[#This Row],[KESİLECEK PARÇA BOYU]]+$O$2) ), 0 ) ), 0 ), 0) -> 0 | K130: =IFERROR( IF( IF( MOD(SK[[#This Row],[BOY]],SK[[#This Row],[KESİLECEK PARÇA BOYU]])-$O$2*INT(SK[[#This Row],[BOY]]/SK[[#This Row],[KESİLECEK PARÇA BOYU]])>$P$2, (MOD(SK[[#This Row],[BOY]],SK[[#This Row],[KESİLECEK PARÇA BOYU]])-$O$2*INT(SK[[#This Row],[BOY]]/SK[[#This Row],[KESİLECEK PARÇA BOYU]])), 0 )>0,IF( MOD(SK[[#This Row],[BOY]],SK[[#This Row],[KESİLECEK PARÇA BOYU]])-$O$2*INT(SK[[#This Row],[BOY]]/SK[[#This Row],[KESİLECEK PARÇA BOYU]])>$P$2, (MOD(SK[[#This Row],[BOY]],SK[[#This Row],[KESİLECEK PARÇA BOYU]])-$O$2*INT(SK[[#This Row],[BOY]]/SK[[#This Row],[KESİLECEK PARÇA BOYU]])), 0 ),0),0) -> 0 | L130: =IFERROR(IF(SK[[#This Row],[BOY]]-(SK[[#This Row],[KESİLECEK PARÇA BOYU]]+$O$2)*MOD(SK[[#This Row],[KESİLECEK PARÇA ADEDİ ]],INT(SK[[#This Row],[BOY]]/(SK[[#This Row],[KESİLECEK PARÇA BOYU]]+$O$2)))<SK[[#This Row],[BOY]],SK[[#This Row],[BOY]]-(SK[[#This Row],[KESİLECEK PARÇA BOYU]]+$O$2)*MOD(SK[[#This Row],[KESİLECEK PARÇA ADEDİ ]],INT(SK[[#This Row],[BOY]]/(SK[[#This Row],[KESİLECEK PARÇA BOYU]]+$O$2))),0),0) -> 0
H131: =IFERROR(IF( SK[[#This Row],[KESİLECEK PARÇA ADEDİ ]]*SK[[#This Row],[KESİLECEK PARÇA BOYU]] < SK[[#This Row],[BOY]] - 3*ROUNDUP(SK[[#This Row],[BOY]]/SK[[#This Row],[KESİLECEK PARÇA BOYU]] - 1, 0), 1, ROUNDUP(SK[[#This Row],[KESİLECEK PARÇA ADEDİ ]]/INT(SK[[#This Row],[BOY]]/(SK[[#This Row],[KESİLECEK PARÇA BOYU]]+$O$2)), 0) ),0) -> 0 | J131: =IFERROR( IF(SK[[#This Row],[GEREKLİ ADET]]=1, SK[[#This Row],[BOY]]-SK[[#This Row],[KESİLECEK PARÇA ADEDİ ]]*(SK[[#This Row],[KESİLECEK PARÇA BOYU]]+$O$2), IF( MOD(SK[[#This Row],[BOY]],SK[[#This Row],[KESİLECEK PARÇA BOYU]])-$O$2*INT(SK[[#This Row],[BOY]]/SK[[#This Row],[KESİLECEK PARÇA BOYU]])>$P$2, (MOD(SK[[#This Row],[BOY]],SK[[#This Row],[KESİLECEK PARÇA BOYU]])-$O$2*INT(SK[[#This Row],[BOY]]/SK[[#This Row],[KESİLECEK PARÇA BOYU]]))*SK[[#This Row],[GEREKLİ ADET]], 0 ) ) + IF(SK[[#This Row],[GEREKLİ ADET]]>1, IF( INT((SK[[#This Row],[BOY]]+$O$2)/(SK[[#This Row],[KESİLECEK PARÇA BOYU]]+$O$2))=0, 0, IF( (SK[[#This Row],[BOY]]-MOD(SK[[#This Row],[KESİLECEK PARÇA ADEDİ ]], INT((SK[[#This Row],[BOY]]+$O$2)/(SK[[#This Row],[KESİLECEK PARÇA BOYU]]+$O$2)) )*(SK[[#This Row],[KESİLECEK PARÇA BOYU]]+$O$2))>$P$2, IF( MOD(SK[[#This Row],[KESİLECEK PARÇA ADEDİ ]], INT((SK[[#This Row],[BOY]]+$O$2)/(SK[[#This Row],[KESİLECEK PARÇA BOYU]]+$O$2)))=0, 0, SK[[#This Row],[BOY]]-MOD(SK[[#This Row],[KESİLECEK PARÇA ADEDİ ]], INT((SK[[#This Row],[BOY]]+$O$2)/(SK[[#This Row],[KESİLECEK PARÇA BOYU]]+$O$2)))*(SK[[#This Row],[KESİLECEK PARÇA BOYU]]+$O$2) ), 0 ) ), 0 ), 0) -> 0 | K131: =IFERROR( IF( IF( MOD(SK[[#This Row],[BOY]],SK[[#This Row],[KESİLECEK PARÇA BOYU]])-$O$2*INT(SK[[#This Row],[BOY]]/SK[[#This Row],[KESİLECEK PARÇA BOYU]])>$P$2, (MOD(SK[[#This Row],[BOY]],SK[[#This Row],[KESİLECEK PARÇA BOYU]])-$O$2*INT(SK[[#This Row],[BOY]]/SK[[#This Row],[KESİLECEK PARÇA BOYU]])), 0 )>0,IF( MOD(SK[[#This Row],[BOY]],SK[[#This Row],[KESİLECEK PARÇA BOYU]])-$O$2*INT(SK[[#This Row],[BOY]]/SK[[#This Row],[KESİLECEK PARÇA BOYU]])>$P$2, (MOD(SK[[#This Row],[BOY]],SK[[#This Row],[KESİLECEK PARÇA BOYU]])-$O$2*INT(SK[[#This Row],[BOY]]/SK[[#This Row],[KESİLECEK PARÇA BOYU]])), 0 ),0),0) -> 0 | L131: =IFERROR(IF(SK[[#This Row],[BOY]]-(SK[[#This Row],[KESİLECEK PARÇA BOYU]]+$O$2)*MOD(SK[[#This Row],[KESİLECEK PARÇA ADEDİ ]],INT(SK[[#This Row],[BOY]]/(SK[[#This Row],[KESİLECEK PARÇA BOYU]]+$O$2)))<SK[[#This Row],[BOY]],SK[[#This Row],[BOY]]-(SK[[#This Row],[KESİLECEK PARÇA BOYU]]+$O$2)*MOD(SK[[#This Row],[KESİLECEK PARÇA ADEDİ ]],INT(SK[[#This Row],[BOY]]/(SK[[#This Row],[KESİLECEK PARÇA BOYU]]+$O$2))),0),0) -> 0
H132: =IFERROR(IF( SK[[#This Row],[KESİLECEK PARÇA ADEDİ ]]*SK[[#This Row],[KESİLECEK PARÇA BOYU]] < SK[[#This Row],[BOY]] - 3*ROUNDUP(SK[[#This Row],[BOY]]/SK[[#This Row],[KESİLECEK PARÇA BOYU]] - 1, 0), 1, ROUNDUP(SK[[#This Row],[KESİLECEK PARÇA ADEDİ ]]/INT(SK[[#This Row],[BOY]]/(SK[[#This Row],[KESİLECEK PARÇA BOYU]]+$O$2)), 0) ),0) -> 0 | J132: =IFERROR( IF(SK[[#This Row],[GEREKLİ ADET]]=1, SK[[#This Row],[BOY]]-SK[[#This Row],[KESİLECEK PARÇA ADEDİ ]]*(SK[[#This Row],[KESİLECEK PARÇA BOYU]]+$O$2), IF( MOD(SK[[#This Row],[BOY]],SK[[#This Row],[KESİLECEK PARÇA BOYU]])-$O$2*INT(SK[[#This Row],[BOY]]/SK[[#This Row],[KESİLECEK PARÇA BOYU]])>$P$2, (MOD(SK[[#This Row],[BOY]],SK[[#This Row],[KESİLECEK PARÇA BOYU]])-$O$2*INT(SK[[#This Row],[BOY]]/SK[[#This Row],[KESİLECEK PARÇA BOYU]]))*SK[[#This Row],[GEREKLİ ADET]], 0 ) ) + IF(SK[[#This Row],[GEREKLİ ADET]]>1, IF( INT((SK[[#This Row],[BOY]]+$O$2)/(SK[[#This Row],[KESİLECEK PARÇA BOYU]]+$O$2))=0, 0, IF( (SK[[#This Row],[BOY]]-MOD(SK[[#This Row],[KESİLECEK PARÇA ADEDİ ]], INT((SK[[#This Row],[BOY]]+$O$2)/(SK[[#This Row],[KESİLECEK PARÇA BOYU]]+$O$2)) )*(SK[[#This Row],[KESİLECEK PARÇA BOYU]]+$O$2))>$P$2, IF( MOD(SK[[#This Row],[KESİLECEK PARÇA ADEDİ ]], INT((SK[[#This Row],[BOY]]+$O$2)/(SK[[#This Row],[KESİLECEK PARÇA BOYU]]+$O$2)))=0, 0, SK[[#This Row],[BOY]]-MOD(SK[[#This Row],[KESİLECEK PARÇA ADEDİ ]], INT((SK[[#This Row],[BOY]]+$O$2)/(SK[[#This Row],[KESİLECEK PARÇA BOYU]]+$O$2)))*(SK[[#This Row],[KESİLECEK PARÇA BOYU]]+$O$2) ), 0 ) ), 0 ), 0) -> 0 | K132: =IFERROR( IF( IF( MOD(SK[[#This Row],[BOY]],SK[[#This Row],[KESİLECEK PARÇA BOYU]])-$O$2*INT(SK[[#This Row],[BOY]]/SK[[#This Row],[KESİLECEK PARÇA BOYU]])>$P$2, (MOD(SK[[#This Row],[BOY]],SK[[#This Row],[KESİLECEK PARÇA BOYU]])-$O$2*INT(SK[[#This Row],[BOY]]/SK[[#This Row],[KESİLECEK PARÇA BOYU]])), 0 )>0,IF( MOD(SK[[#This Row],[BOY]],SK[[#This Row],[KESİLECEK PARÇA BOYU]])-$O$2*INT(SK[[#This Row],[BOY]]/SK[[#This Row],[KESİLECEK PARÇA BOYU]])>$P$2, (MOD(SK[[#This Row],[BOY]],SK[[#This Row],[KESİLECEK PARÇA BOYU]])-$O$2*INT(SK[[#This Row],[BOY]]/SK[[#This Row],[KESİLECEK PARÇA BOYU]])), 0 ),0),0) -> 0 | L132: =IFERROR(IF(SK[[#This Row],[BOY]]-(SK[[#This Row],[KESİLECEK PARÇA BOYU]]+$O$2)*MOD(SK[[#This Row],[KESİLECEK PARÇA ADEDİ ]],INT(SK[[#This Row],[BOY]]/(SK[[#This Row],[KESİLECEK PARÇA BOYU]]+$O$2)))<SK[[#This Row],[BOY]],SK[[#This Row],[BOY]]-(SK[[#This Row],[KESİLECEK PARÇA BOYU]]+$O$2)*MOD(SK[[#This Row],[KESİLECEK PARÇA ADEDİ ]],INT(SK[[#This Row],[BOY]]/(SK[[#This Row],[KESİLECEK PARÇA BOYU]]+$O$2))),0),0) -> 0
H133: =IFERROR(IF( SK[[#This Row],[KESİLECEK PARÇA ADEDİ ]]*SK[[#This Row],[KESİLECEK PARÇA BOYU]] < SK[[#This Row],[BOY]] - 3*ROUNDUP(SK[[#This Row],[BOY]]/SK[[#This Row],[KESİLECEK PARÇA BOYU]] - 1, 0), 1, ROUNDUP(SK[[#This Row],[KESİLECEK PARÇA ADEDİ ]]/INT(SK[[#This Row],[BOY]]/(SK[[#This Row],[KESİLECEK PARÇA BOYU]]+$O$2)), 0) ),0) -> 0 | J133: =IFERROR( IF(SK[[#This Row],[GEREKLİ ADET]]=1, SK[[#This Row],[BOY]]-SK[[#This Row],[KESİLECEK PARÇA ADEDİ ]]*(SK[[#This Row],[KESİLECEK PARÇA BOYU]]+$O$2), IF( MOD(SK[[#This Row],[BOY]],SK[[#This Row],[KESİLECEK PARÇA BOYU]])-$O$2*INT(SK[[#This Row],[BOY]]/SK[[#This Row],[KESİLECEK PARÇA BOYU]])>$P$2, (MOD(SK[[#This Row],[BOY]],SK[[#This Row],[KESİLECEK PARÇA BOYU]])-$O$2*INT(SK[[#This Row],[BOY]]/SK[[#This Row],[KESİLECEK PARÇA BOYU]]))*SK[[#This Row],[GEREKLİ ADET]], 0 ) ) + IF(SK[[#This Row],[GEREKLİ ADET]]>1, IF( INT((SK[[#This Row],[BOY]]+$O$2)/(SK[[#This Row],[KESİLECEK PARÇA BOYU]]+$O$2))=0, 0, IF( (SK[[#This Row],[BOY]]-MOD(SK[[#This Row],[KESİLECEK PARÇA ADEDİ ]], INT((SK[[#This Row],[BOY]]+$O$2)/(SK[[#This Row],[KESİLECEK PARÇA BOYU]]+$O$2)) )*(SK[[#This Row],[KESİLECEK PARÇA BOYU]]+$O$2))>$P$2, IF( MOD(SK[[#This Row],[KESİLECEK PARÇA ADEDİ ]], INT((SK[[#This Row],[BOY]]+$O$2)/(SK[[#This Row],[KESİLECEK PARÇA BOYU]]+$O$2)))=0, 0, SK[[#This Row],[BOY]]-MOD(SK[[#This Row],[KESİLECEK PARÇA ADEDİ ]], INT((SK[[#This Row],[BOY]]+$O$2)/(SK[[#This Row],[KESİLECEK PARÇA BOYU]]+$O$2)))*(SK[[#This Row],[KESİLECEK PARÇA BOYU]]+$O$2) ), 0 ) ), 0 ), 0) -> 0 | K133: =IFERROR( IF( IF( MOD(SK[[#This Row],[BOY]],SK[[#This Row],[KESİLECEK PARÇA BOYU]])-$O$2*INT(SK[[#This Row],[BOY]]/SK[[#This Row],[KESİLECEK PARÇA BOYU]])>$P$2, (MOD(SK[[#This Row],[BOY]],SK[[#This Row],[KESİLECEK PARÇA BOYU]])-$O$2*INT(SK[[#This Row],[BOY]]/SK[[#This Row],[KESİLECEK PARÇA BOYU]])), 0 )>0,IF( MOD(SK[[#This Row],[BOY]],SK[[#This Row],[KESİLECEK PARÇA BOYU]])-$O$2*INT(SK[[#This Row],[BOY]]/SK[[#This Row],[KESİLECEK PARÇA BOYU]])>$P$2, (MOD(SK[[#This Row],[BOY]],SK[[#This Row],[KESİLECEK PARÇA BOYU]])-$O$2*INT(SK[[#This Row],[BOY]]/SK[[#This Row],[KESİLECEK PARÇA BOYU]])), 0 ),0),0) -> 0 | L133: =IFERROR(IF(SK[[#This Row],[BOY]]-(SK[[#This Row],[KESİLECEK PARÇA BOYU]]+$O$2)*MOD(SK[[#This Row],[KESİLECEK PARÇA ADEDİ ]],INT(SK[[#This Row],[BOY]]/(SK[[#This Row],[KESİLECEK PARÇA BOYU]]+$O$2)))<SK[[#This Row],[BOY]],SK[[#This Row],[BOY]]-(SK[[#This Row],[KESİLECEK PARÇA BOYU]]+$O$2)*MOD(SK[[#This Row],[KESİLECEK PARÇA ADEDİ ]],INT(SK[[#This Row],[BOY]]/(SK[[#This Row],[KESİLECEK PARÇA BOYU]]+$O$2))),0),0) -> 0
H134: =IFERROR(IF( SK[[#This Row],[KESİLECEK PARÇA ADEDİ ]]*SK[[#This Row],[KESİLECEK PARÇA BOYU]] < SK[[#This Row],[BOY]] - 3*ROUNDUP(SK[[#This Row],[BOY]]/SK[[#This Row],[KESİLECEK PARÇA BOYU]] - 1, 0), 1, ROUNDUP(SK[[#This Row],[KESİLECEK PARÇA ADEDİ ]]/INT(SK[[#This Row],[BOY]]/(SK[[#This Row],[KESİLECEK PARÇA BOYU]]+$O$2)), 0) ),0) -> 0 | J134: =IFERROR( IF(SK[[#This Row],[GEREKLİ ADET]]=1, SK[[#This Row],[BOY]]-SK[[#This Row],[KESİLECEK PARÇA ADEDİ ]]*(SK[[#This Row],[KESİLECEK PARÇA BOYU]]+$O$2), IF( MOD(SK[[#This Row],[BOY]],SK[[#This Row],[KESİLECEK PARÇA BOYU]])-$O$2*INT(SK[[#This Row],[BOY]]/SK[[#This Row],[KESİLECEK PARÇA BOYU]])>$P$2, (MOD(SK[[#This Row],[BOY]],SK[[#This Row],[KESİLECEK PARÇA BOYU]])-$O$2*INT(SK[[#This Row],[BOY]]/SK[[#This Row],[KESİLECEK PARÇA BOYU]]))*SK[[#This Row],[GEREKLİ ADET]], 0 ) ) + IF(SK[[#This Row],[GEREKLİ ADET]]>1, IF( INT((SK[[#This Row],[BOY]]+$O$2)/(SK[[#This Row],[KESİLECEK PARÇA BOYU]]+$O$2))=0, 0, IF( (SK[[#This Row],[BOY]]-MOD(SK[[#This Row],[KESİLECEK PARÇA ADEDİ ]], INT((SK[[#This Row],[BOY]]+$O$2)/(SK[[#This Row],[KESİLECEK PARÇA BOYU]]+$O$2)) )*(SK[[#This Row],[KESİLECEK PARÇA BOYU]]+$O$2))>$P$2, IF( MOD(SK[[#This Row],[KESİLECEK PARÇA ADEDİ ]], INT((SK[[#This Row],[BOY]]+$O$2)/(SK[[#This Row],[KESİLECEK PARÇA BOYU]]+$O$2)))=0, 0, SK[[#This Row],[BOY]]-MOD(SK[[#This Row],[KESİLECEK PARÇA ADEDİ ]], INT((SK[[#This Row],[BOY]]+$O$2)/(SK[[#This Row],[KESİLECEK PARÇA BOYU]]+$O$2)))*(SK[[#This Row],[KESİLECEK PARÇA BOYU]]+$O$2) ), 0 ) ), 0 ), 0) -> 0 | K134: =IFERROR( IF( IF( MOD(SK[[#This Row],[BOY]],SK[[#This Row],[KESİLECEK PARÇA BOYU]])-$O$2*INT(SK[[#This Row],[BOY]]/SK[[#This Row],[KESİLECEK PARÇA BOYU]])>$P$2, (MOD(SK[[#This Row],[BOY]],SK[[#This Row],[KESİLECEK PARÇA BOYU]])-$O$2*INT(SK[[#This Row],[BOY]]/SK[[#This Row],[KESİLECEK PARÇA BOYU]])), 0 )>0,IF( MOD(SK[[#This Row],[BOY]],SK[[#This Row],[KESİLECEK PARÇA BOYU]])-$O$2*INT(SK[[#This Row],[BOY]]/SK[[#This Row],[KESİLECEK PARÇA BOYU]])>$P$2, (MOD(SK[[#This Row],[BOY]],SK[[#This Row],[KESİLECEK PARÇA BOYU]])-$O$2*INT(SK[[#This Row],[BOY]]/SK[[#This Row],[KESİLECEK PARÇA BOYU]])), 0 ),0),0) -> 0 | L134: =IFERROR(IF(SK[[#This Row],[BOY]]-(SK[[#This Row],[KESİLECEK PARÇA BOYU]]+$O$2)*MOD(SK[[#This Row],[KESİLECEK PARÇA ADEDİ ]],INT(SK[[#This Row],[BOY]]/(SK[[#This Row],[KESİLECEK PARÇA BOYU]]+$O$2)))<SK[[#This Row],[BOY]],SK[[#This Row],[BOY]]-(SK[[#This Row],[KESİLECEK PARÇA BOYU]]+$O$2)*MOD(SK[[#This Row],[KESİLECEK PARÇA ADEDİ ]],INT(SK[[#This Row],[BOY]]/(SK[[#This Row],[KESİLECEK PARÇA BOYU]]+$O$2))),0),0) -> 0
H135: =IFERROR(IF( SK[[#This Row],[KESİLECEK PARÇA ADEDİ ]]*SK[[#This Row],[KESİLECEK PARÇA BOYU]] < SK[[#This Row],[BOY]] - 3*ROUNDUP(SK[[#This Row],[BOY]]/SK[[#This Row],[KESİLECEK PARÇA BOYU]] - 1, 0), 1, ROUNDUP(SK[[#This Row],[KESİLECEK PARÇA ADEDİ ]]/INT(SK[[#This Row],[BOY]]/(SK[[#This Row],[KESİLECEK PARÇA BOYU]]+$O$2)), 0) ),0) -> 0 | J135: =IFERROR( IF(SK[[#This Row],[GEREKLİ ADET]]=1, SK[[#This Row],[BOY]]-SK[[#This Row],[KESİLECEK PARÇA ADEDİ ]]*(SK[[#This Row],[KESİLECEK PARÇA BOYU]]+$O$2), IF( MOD(SK[[#This Row],[BOY]],SK[[#This Row],[KESİLECEK PARÇA BOYU]])-$O$2*INT(SK[[#This Row],[BOY]]/SK[[#This Row],[KESİLECEK PARÇA BOYU]])>$P$2, (MOD(SK[[#This Row],[BOY]],SK[[#This Row],[KESİLECEK PARÇA BOYU]])-$O$2*INT(SK[[#This Row],[BOY]]/SK[[#This Row],[KESİLECEK PARÇA BOYU]]))*SK[[#This Row],[GEREKLİ ADET]], 0 ) ) + IF(SK[[#This Row],[GEREKLİ ADET]]>1, IF( INT((SK[[#This Row],[BOY]]+$O$2)/(SK[[#This Row],[KESİLECEK PARÇA BOYU]]+$O$2))=0, 0, IF( (SK[[#This Row],[BOY]]-MOD(SK[[#This Row],[KESİLECEK PARÇA ADEDİ ]], INT((SK[[#This Row],[BOY]]+$O$2)/(SK[[#This Row],[KESİLECEK PARÇA BOYU]]+$O$2)) )*(SK[[#This Row],[KESİLECEK PARÇA BOYU]]+$O$2))>$P$2, IF( MOD(SK[[#This Row],[KESİLECEK PARÇA ADEDİ ]], INT((SK[[#This Row],[BOY]]+$O$2)/(SK[[#This Row],[KESİLECEK PARÇA BOYU]]+$O$2)))=0, 0, SK[[#This Row],[BOY]]-MOD(SK[[#This Row],[KESİLECEK PARÇA ADEDİ ]], INT((SK[[#This Row],[BOY]]+$O$2)/(SK[[#This Row],[KESİLECEK PARÇA BOYU]]+$O$2)))*(SK[[#This Row],[KESİLECEK PARÇA BOYU]]+$O$2) ), 0 ) ), 0 ), 0) -> 0 | K135: =IFERROR( IF( IF( MOD(SK[[#This Row],[BOY]],SK[[#This Row],[KESİLECEK PARÇA BOYU]])-$O$2*INT(SK[[#This Row],[BOY]]/SK[[#This Row],[KESİLECEK PARÇA BOYU]])>$P$2, (MOD(SK[[#This Row],[BOY]],SK[[#This Row],[KESİLECEK PARÇA BOYU]])-$O$2*INT(SK[[#This Row],[BOY]]/SK[[#This Row],[KESİLECEK PARÇA BOYU]])), 0 )>0,IF( MOD(SK[[#This Row],[BOY]],SK[[#This Row],[KESİLECEK PARÇA BOYU]])-$O$2*INT(SK[[#This Row],[BOY]]/SK[[#This Row],[KESİLECEK PARÇA BOYU]])>$P$2, (MOD(SK[[#This Row],[BOY]],SK[[#This Row],[KESİLECEK PARÇA BOYU]])-$O$2*INT(SK[[#This Row],[BOY]]/SK[[#This Row],[KESİLECEK PARÇA BOYU]])), 0 ),0),0) -> 0 | L135: =IFERROR(IF(SK[[#This Row],[BOY]]-(SK[[#This Row],[KESİLECEK PARÇA BOYU]]+$O$2)*MOD(SK[[#This Row],[KESİLECEK PARÇA ADEDİ ]],INT(SK[[#This Row],[BOY]]/(SK[[#This Row],[KESİLECEK PARÇA BOYU]]+$O$2)))<SK[[#This Row],[BOY]],SK[[#This Row],[BOY]]-(SK[[#This Row],[KESİLECEK PARÇA BOYU]]+$O$2)*MOD(SK[[#This Row],[KESİLECEK PARÇA ADEDİ ]],INT(SK[[#This Row],[BOY]]/(SK[[#This Row],[KESİLECEK PARÇA BOYU]]+$O$2))),0),0) -> 0
H136: =IFERROR(IF( SK[[#This Row],[KESİLECEK PARÇA ADEDİ ]]*SK[[#This Row],[KESİLECEK PARÇA BOYU]] < SK[[#This Row],[BOY]] - 3*ROUNDUP(SK[[#This Row],[BOY]]/SK[[#This Row],[KESİLECEK PARÇA BOYU]] - 1, 0), 1, ROUNDUP(SK[[#This Row],[KESİLECEK PARÇA ADEDİ ]]/INT(SK[[#This Row],[BOY]]/(SK[[#This Row],[KESİLECEK PARÇA BOYU]]+$O$2)), 0) ),0) -> 0 | J136: =IFERROR( IF(SK[[#This Row],[GEREKLİ ADET]]=1, SK[[#This Row],[BOY]]-SK[[#This Row],[KESİLECEK PARÇA ADEDİ ]]*(SK[[#This Row],[KESİLECEK PARÇA BOYU]]+$O$2), IF( MOD(SK[[#This Row],[BOY]],SK[[#This Row],[KESİLECEK PARÇA BOYU]])-$O$2*INT(SK[[#This Row],[BOY]]/SK[[#This Row],[KESİLECEK PARÇA BOYU]])>$P$2, (MOD(SK[[#This Row],[BOY]],SK[[#This Row],[KESİLECEK PARÇA BOYU]])-$O$2*INT(SK[[#This Row],[BOY]]/SK[[#This Row],[KESİLECEK PARÇA BOYU]]))*SK[[#This Row],[GEREKLİ ADET]], 0 ) ) + IF(SK[[#This Row],[GEREKLİ ADET]]>1, IF( INT((SK[[#This Row],[BOY]]+$O$2)/(SK[[#This Row],[KESİLECEK PARÇA BOYU]]+$O$2))=0, 0, IF( (SK[[#This Row],[BOY]]-MOD(SK[[#This Row],[KESİLECEK PARÇA ADEDİ ]], INT((SK[[#This Row],[BOY]]+$O$2)/(SK[[#This Row],[KESİLECEK PARÇA BOYU]]+$O$2)) )*(SK[[#This Row],[KESİLECEK PARÇA BOYU]]+$O$2))>$P$2, IF( MOD(SK[[#This Row],[KESİLECEK PARÇA ADEDİ ]], INT((SK[[#This Row],[BOY]]+$O$2)/(SK[[#This Row],[KESİLECEK PARÇA BOYU]]+$O$2)))=0, 0, SK[[#This Row],[BOY]]-MOD(SK[[#This Row],[KESİLECEK PARÇA ADEDİ ]], INT((SK[[#This Row],[BOY]]+$O$2)/(SK[[#This Row],[KESİLECEK PARÇA BOYU]]+$O$2)))*(SK[[#This Row],[KESİLECEK PARÇA BOYU]]+$O$2) ), 0 ) ), 0 ), 0) -> 0 | K136: =IFERROR( IF( IF( MOD(SK[[#This Row],[BOY]],SK[[#This Row],[KESİLECEK PARÇA BOYU]])-$O$2*INT(SK[[#This Row],[BOY]]/SK[[#This Row],[KESİLECEK PARÇA BOYU]])>$P$2, (MOD(SK[[#This Row],[BOY]],SK[[#This Row],[KESİLECEK PARÇA BOYU]])-$O$2*INT(SK[[#This Row],[BOY]]/SK[[#This Row],[KESİLECEK PARÇA BOYU]])), 0 )>0,IF( MOD(SK[[#This Row],[BOY]],SK[[#This Row],[KESİLECEK PARÇA BOYU]])-$O$2*INT(SK[[#This Row],[BOY]]/SK[[#This Row],[KESİLECEK PARÇA BOYU]])>$P$2, (MOD(SK[[#This Row],[BOY]],SK[[#This Row],[KESİLECEK PARÇA BOYU]])-$O$2*INT(SK[[#This Row],[BOY]]/SK[[#This Row],[KESİLECEK PARÇA BOYU]])), 0 ),0),0) -> 0 | L136: =IFERROR(IF(SK[[#This Row],[BOY]]-(SK[[#This Row],[KESİLECEK PARÇA BOYU]]+$O$2)*MOD(SK[[#This Row],[KESİLECEK PARÇA ADEDİ ]],INT(SK[[#This Row],[BOY]]/(SK[[#This Row],[KESİLECEK PARÇA BOYU]]+$O$2)))<SK[[#This Row],[BOY]],SK[[#This Row],[BOY]]-(SK[[#This Row],[KESİLECEK PARÇA BOYU]]+$O$2)*MOD(SK[[#This Row],[KESİLECEK PARÇA ADEDİ ]],INT(SK[[#This Row],[BOY]]/(SK[[#This Row],[KESİLECEK PARÇA BOYU]]+$O$2))),0),0) -> 0
